fire_start_datetime,start_time,fire_end_datetime,end_time,locgungu,locmenu,damage_area
2011-12-28,03:20:00,2011-12-28,08:30:00,홍천,홍천,0.1
2011-11-20,21:54:00,2011-11-21,00:43:00,인제,인제,0.3
2011-11-01,15:23:00,2011-11-02,10:30:00,화천,화천,3.0
2011-10-17,15:05:00,2011-10-17,16:30:00,인제,인제,0.01
2011-10-13,15:54:00,2011-10-13,17:50:00,춘천,사북,0.1
2011-10-07,14:46:00,2011-10-07,16:28:00,홍천,남,0.01
2011-10-06,18:13:00,2011-10-06,23:30:00,화천,화천,0.3
2011-06-15,13:15:00,2011-06-15,14:45:00,춘천,동산,0.1
2011-06-12,14:25:00,2011-06-12,18:30:00,삼척,마평,0.1
2011-05-15,14:50:00,2011-05-15,18:55:00,철원,동송,0.1
2011-04-20,14:15:00,2011-04-20,15:10:00,횡성,청일,0.6
2011-04-17,14:22:00,2011-04-17,15:08:00,,청일,0.2
2011-04-17,12:40:00,2011-04-17,14:20:00,인제,남면,0.3
2011-04-16,18:25:00,2011-04-16,19:30:00,춘천,남산,0.1
2011-04-13,23:40:00,2011-04-14,02:30:00,춘천,신동,0.5
2011-04-13,16:50:00,2011-04-13,17:50:00,영월,수주,0.15
2011-04-13,16:05:00,2011-04-13,17:10:00,삼척,도계,0.2
2011-04-13,15:02:00,2011-04-13,17:50:00,,손양,4.0
2011-04-10,12:19:00,2011-04-10,13:08:00,화천,하남,0.1
2011-04-09,12:55:00,2011-04-09,13:40:00,양구,남,0.03
2011-04-09,12:30:00,2011-04-09,12:57:00,양구,동,0.04
2011-04-06,16:27:00,2011-04-06,17:00:00,강릉,왕산,0.1
2011-04-06,14:50:00,2011-04-06,16:00:00,철원,철원,0.2
2011-04-05,11:08:00,2011-04-05,11:40:00,춘천,남,0.1
2011-04-01,14:15:00,2011-04-01,16:45:00,삼척,노곡,0.5
2011-04-01,10:50:00,2011-04-01,13:30:00,정선,정선,0.3
2011-03-24,13:00:00,2011-03-24,14:15:00,화천,화천,0.7
2011-03-18,12:00:00,2011-03-18,12:50:00,홍천,홍천,0.2
2011-03-14,19:40:00,2011-03-14,21:00:00,영월,영월,0.1
2011-03-11,13:43:00,2011-03-11,14:55:00,횡성,우천,0.1
2011-03-09,17:20:00,2011-03-09,18:30:00,춘천,북산,0.3
2011-03-09,13:15:00,2011-03-09,17:50:00,영월,영월,2.0
2011-02-26,16:50:00,2011-02-26,17:15:00,원주,태장,0.03
2011-02-12,07:30:00,2011-02-12,08:20:00,원주,귀래,0.3
2011-02-11,17:50:00,2011-02-11,20:20:00,홍천,내촌,0.3
2011-02-01,21:15:00,2011-02-01,22:38:00,강릉,대전,0.2
2011-01-31,21:31:00,2011-02-01,08:10:00,양양,강현,3.5
2011-01-31,18:14:00,2011-02-01,10:30:00,양양,현남,30.0
2011-01-22,23:46:00,2011-01-23,00:10:00,강릉,죽헌,0.3
2012-12-26,12:30:00,2012-12-26,17:30:00,삼척,가곡,0.2
2012-11-27,12:30:00,2012-11-27,13:20:00,춘천,신,0.01
2012-10-21,13:12:00,2012-10-21,15:05:00,원주,문막,0.03
2012-10-14,14:28:00,2012-10-14,15:15:00,속초,설악,0.01
2012-06-29,06:00:00,2012-06-29,09:35:00,원주,부론,0.2
2012-06-22,13:00:00,2012-06-22,16:30:00,횡성,서원,0.7
2012-06-21,13:52:00,2012-06-21,19:20:00,홍천,북방,0.08
2012-06-19,11:17:00,2012-06-19,15:30:00,춘천,남,0.1
2012-06-14,21:30:00,2012-06-15,03:00:00,춘천,동,0.05
2012-05-30,09:10:00,2012-05-30,09:50:00,양구,양구,0.01
2012-05-30,08:00:00,2012-05-30,14:05:00,홍천,동,0.1
2012-05-30,05:30:00,2012-05-30,17:30:00,홍천,화촌,0.1
2012-05-29,11:28:00,2012-05-29,13:35:00,원주,부론,0.01
2012-05-28,17:19:00,2012-05-28,20:10:00,홍천,화촌,0.1
2012-05-28,13:17:00,2012-05-28,15:10:00,횡성,갑천,0.01
2012-05-28,12:18:00,2012-05-28,15:40:00,정선,여량,0.01
2012-05-28,10:32:00,2012-05-28,12:50:00,홍천,동,0.07
2012-05-27,17:50:00,2012-05-27,19:20:00,삼척,미로,0.01
2012-05-27,16:10:00,2012-05-27,18:40:00,홍천,화촌,0.01
2012-05-27,14:24:00,2012-05-27,16:20:00,영월,남,0.1
2012-05-26,15:31:00,2012-05-26,17:20:00,평창,미탄,0.2
2012-05-23,05:40:00,2012-05-23,08:40:00,화천,상서,0.04
2012-05-07,15:38:00,2012-05-07,17:40:00,평창,봉평,0.1
2012-05-07,14:54:00,2012-05-07,16:15:00,철원,갈말,0.05
2012-05-06,14:42:00,2012-05-06,17:09:00,홍천,화촌,0.01
2012-05-06,13:53:00,2012-05-06,14:45:00,원주,호저,0.05
2012-05-06,12:54:00,2012-05-06,16:20:00,화천,화천,0.1
2012-05-01,14:10:00,2012-05-01,16:30:00,삼척,가곡,0.12
2012-04-30,10:15:00,2012-04-30,11:55:00,춘천,동산,0.01
2012-04-24,14:33:00,2012-04-24,15:20:00,동해,귀운,0.01
2012-04-20,17:50:00,2012-04-20,18:40:00,영월,주천,0.05
2012-04-19,15:00:00,2012-04-19,18:40:00,횡성,청일,1.5
2012-04-19,14:16:00,2012-04-19,23:00:00,홍천,화촌,6.0
2012-04-18,16:09:00,2012-04-18,17:26:00,철원,갈말,0.15
2012-04-17,15:20:00,2012-04-17,16:15:00,영월,북,0.1
2012-04-15,20:17:00,2012-04-15,21:50:00,삼척,도계,0.03
2012-04-15,15:20:00,2012-04-15,16:40:00,평창,진부,0.12
2012-04-09,16:29:00,2012-04-09,18:20:00,춘천,동,0.02
2012-03-30,17:26:00,2012-03-30,19:00:00,양구,양구,0.1
2012-03-12,15:15:00,2012-03-12,16:40:00,횡성,갑천,0.1
2012-02-28,14:40:00,2012-02-28,14:40:00,양구,동면,0.06
2012-02-16,14:05:00,2012-02-16,15:15:00,원주,소초,0.1
2012-02-05,16:28:00,2012-02-05,16:49:00,고성,거진,0.2
2012-01-11,15:15:00,2012-01-11,16:50:00,홍천,홍천,0.03
2013-12-06,14:06:00,2013-12-06,14:45:00,양양,현북,0.01
2013-12-01,21:40:00,2013-12-01,22:40:00,강릉,성산,0.03
2013-11-22,22:17:00,2013-11-23,02:30:00,태백,하사미,0.05
2013-11-08,21:31:00,2013-11-08,21:51:00,양양,양양,0.01
2013-10-29,14:30:00,2013-10-29,16:54:00,춘천,사북,0.05
2013-08-14,17:55:00,2013-08-15,07:15:00,삼척,노곡,0.3
2013-08-11,16:22:00,2013-08-12,08:38:00,삼척,가곡,0.5
2013-06-11,15:55:00,2013-06-11,19:20:00,양구,남,0.01
2013-06-07,03:02:00,2013-06-07,04:30:00,춘천,동,0.02
2013-05-17,22:30:00,2013-05-18,00:30:00,춘천,서,0.02
2013-05-16,11:16:00,2013-05-16,12:10:00,홍천,남,0.05
2013-05-14,08:43:00,2013-05-14,10:33:00,화천,화천,0.02
2013-05-12,14:00:00,2013-05-12,15:30:00,삼척,미로,0.1
2013-05-08,12:35:00,2013-05-08,14:40:00,횡성,강림,0.2
2013-05-08,11:10:00,2013-05-08,12:40:00,속초,설악,0.01
2013-05-06,14:50:00,2013-05-06,16:19:00,춘천,동,0.1
2013-05-06,01:27:00,2013-05-06,04:30:00,춘천,동,0.5
2013-04-01,14:20:00,2013-04-01,15:10:00,춘천,동,0.01
2013-03-28,02:20:00,2013-03-28,02:55:00,강릉,교,0.02
2013-03-27,16:02:00,2013-03-27,18:40:00,홍천,홍천,0.1
2013-03-27,14:37:00,2013-03-27,18:30:00,춘천,남산,4.0
2013-03-23,14:38:00,2013-03-23,15:40:00,원주,지정,0.1
2013-03-16,10:55:00,2013-03-16,12:51:00,양양,강현,0.2
2013-03-04,12:27:00,2013-03-04,14:00:00,삼척,근덕,0.2
2013-02-28,12:10:00,2013-02-28,13:00:00,삼척,원덕,0.02
2013-01-12,16:40:00,2013-01-12,18:50:00,양양,강현,0.1
2013-03-11,12:50:00,2013-03-11,13:30:00,양구,양구,0.1
2013-03-09,13:15:00,2013-03-09,14:20:00,춘천,북산,0.3
2013-03-08,12:13:00,2013-03-08,14:30:00,양양,현남,1.0
2013-03-06,15:10:00,2013-03-06,17:10:00,춘천,남산,0.05
2013-05-04,12:33:00,2013-05-04,13:30:00,홍천,홍천,0.1
2013-04-30,12:05:00,2013-04-30,15:30:00,삼척,신기,0.8
2013-04-29,09:25:00,2013-04-29,10:20:00,태백,철암,0.07
2013-04-27,11:45:00,2013-04-27,13:30:00,양양,현남,0.3
2013-04-19,11:09:00,2013-04-19,11:50:00,홍천,남,0.1
2013-04-18,18:40:00,2013-04-19,07:30:00,홍천,서,0.1
2014-12-22,10:26:00,2014-12-22,11:30:00,양양,현북,0.05
2014-11-23,08:34:00,2014-11-23,10:30:00,양양,서,1.0
2014-11-11,11:33:00,2014-11-11,12:15:00,양구,양구,0.05
2014-11-09,13:20:00,2014-11-09,16:50:00,홍천,내촌,0.01
2014-10-30,14:43:00,2014-10-30,18:20:00,평창,대화,0.5
2014-10-29,13:30:00,2014-10-29,16:10:00,인제,기린,0.7
2014-10-28,11:57:00,2014-10-28,13:30:00,홍천,두촌,0.02
2014-09-20,13:56:00,2014-09-20,18:40:00,화천,화천,0.25
2014-07-20,18:05:00,2014-07-20,20:00:00,춘천,칠전,0.01
2014-06-19,15:00:00,2014-06-19,18:00:00,인제,남,0.04
2014-06-15,14:10:00,2014-06-15,17:20:00,인제,인제,0.05
2014-06-10,17:18:00,2014-06-10,20:00:00,원주,흥업,0.01
2014-06-01,21:45:00,2014-06-02,01:50:00,횡성,갑천,0.1
2014-05-31,17:02:00,2014-05-31,19:04:00,평창,미탄,0.5
2014-05-30,10:00:00,2014-05-30,14:00:00,삼척,도계,0.5
2014-05-28,15:40:00,2014-05-28,19:05:00,양구,남,0.1
2014-05-26,12:10:00,2014-05-26,14:10:00,삼척,근덕,0.3
2014-01-19,19:50:00,2014-01-19,20:45:00,원주,신림,0.02
2014-01-16,10:40:00,2014-01-16,14:00:00,정선,북평,0.2
2014-01-15,16:23:00,2014-01-15,17:40:00,삼척,도계,0.1
2014-01-13,12:50:00,2014-01-13,14:40:00,화천,상서,0.15
2014-05-14,18:24:00,2014-05-14,19:40:00,정선,임계,0.1
2014-05-13,11:19:00,2014-05-13,13:30:00,고성,간성,0.5
2014-05-11,16:36:00,2014-05-11,18:00:00,인제,남,0.03
2014-05-10,15:02:00,2014-05-10,17:48:00,영월,북,0.1
2014-05-09,16:12:00,2014-05-09,18:25:00,삼척,노곡,0.3
2014-05-06,18:20:00,2014-05-06,20:40:00,영월,영월,0.5
2014-05-05,19:10:00,2014-05-05,21:00:00,양구,동,0.05
2014-05-04,18:42:00,2014-05-04,21:17:00,홍천,동,0.1
2014-04-27,15:25:00,2014-04-27,16:35:00,양양,현남,0.01
2014-04-26,15:10:00,2014-04-26,17:50:00,양구,남,0.1
2014-04-26,13:20:00,2014-04-26,16:00:00,영월,한반도,0.1
2014-04-26,10:40:00,2014-04-26,12:37:00,평창,용평,0.3
2014-04-25,20:20:00,2014-04-25,21:40:00,화천,화천,0.1
2014-04-25,14:10:00,2014-04-25,15:10:00,양양,현남,0.04
2014-04-25,10:24:00,2014-04-25,12:15:00,삼척,등봉,0.5
2014-04-24,18:39:00,2014-04-24,22:25:00,영월,수주,0.15
2014-04-24,18:10:00,2014-04-24,19:30:00,춘천,남산,0.06
2014-04-24,15:20:00,2014-04-24,18:00:00,춘천,동산,0.05
2014-04-24,12:54:00,2014-04-24,18:30:00,영월,수주,1.0
2014-04-24,12:05:00,2014-04-24,15:15:00,횡성,우천,0.4
2014-04-24,10:50:00,2014-04-24,20:30:00,홍천,서석,2.5
2014-04-23,13:30:00,2014-04-23,16:40:00,춘천,남,0.03
2014-04-22,14:46:00,2014-04-22,17:10:00,홍천,화촌,0.5
2014-04-22,10:35:00,2014-04-22,13:00:00,인제,북,0.05
2014-04-21,16:05:00,2014-04-21,17:30:00,고성,토성,0.09
2014-04-21,13:15:00,2014-04-21,15:30:00,영월,한반도,0.1
2014-04-20,13:41:00,2014-04-20,15:13:00,홍천,서,0.2
2014-04-17,19:14:00,2014-04-17,21:15:00,춘천,동,0.03
2014-04-16,22:57:00,2014-04-16,00:30:00,춘천,동,0.09
2014-04-13,14:20:00,2014-04-13,16:10:00,홍천,북방,0.1
2014-04-12,14:04:00,2014-04-12,16:00:00,양구,양구,0.2
2014-04-11,16:46:00,2014-04-11,18:10:00,원주,지정,0.1
2014-04-11,14:50:00,2014-04-11,17:30:00,춘천,동,0.01
2014-04-10,15:10:00,2014-04-10,15:50:00,철원,갈말,0.03
2014-04-10,13:10:00,2014-04-10,14:19:00,양구,남,0.05
2014-04-09,14:00:00,2014-04-09,15:00:00,영월,수주,0.0
2014-04-01,13:50:00,2014-04-01,14:50:00,횡성,서원,0.2
2014-03-27,18:29:00,2014-03-27,20:35:00,평창,용평,0.15
2014-03-27,17:29:00,2014-03-27,18:37:00,홍천,서,0.2
2014-03-27,15:48:00,2014-03-27,17:00:00,철원,갈말,0.03
2014-03-24,19:14:00,2014-03-24,20:20:00,양양,강현,0.3
2014-03-24,16:27:00,2014-03-24,17:10:00,홍천,두촌,0.2
2014-03-11,16:50:00,2014-03-11,17:50:00,원주,귀래,0.06
2014-03-10,10:23:00,2014-03-10,12:45:00,화천,화천,0.12
2014-03-07,15:10:00,2014-03-07,16:45:00,홍천,북방,0.2
2014-03-07,13:37:00,2014-03-07,15:00:00,춘천,서,0.05
2014-03-07,11:50:00,2014-03-07,17:30:00,영월,김삿갓,2.0
2014-03-05,15:07:00,2014-03-05,16:30:00,춘천,남,0.01
2014-03-03,14:12:00,2014-03-03,15:00:00,원주,관설,0.06
2014-03-03,11:43:00,2014-03-03,12:50:00,원주,흥업,0.1
2014-02-27,12:30:00,2014-02-27,13:45:00,횡성,우천,0.25
2014-02-04,19:35:00,2014-02-04,21:40:00,양양,양양,0.5
2015-06-04,06:57:00,2015-06-04,10:26:00,홍천,두촌,2.0
2015-06-03,14:28:00,2015-06-03,19:00:00,춘천,남,1.0
2015-06-03,13:50:00,2015-06-03,18:20:00,인제,남,0.5
2015-06-03,11:58:00,2015-06-03,13:42:00,횡성,둔내,0.1
2015-06-02,15:30:00,2015-06-02,18:00:00,춘천,남산,0.09
2015-05-31,19:21:00,2015-06-01,12:00:00,홍천,서석,0.2
2015-05-31,19:02:00,2015-05-31,23:05:00,횡성,우천,0.15
2015-05-31,14:27:00,2015-05-31,18:00:00,화천,사내,0.06
2015-05-31,13:30:00,2015-05-31,18:00:00,화천,상서,0.03
2015-05-31,10:52:00,2015-05-31,16:30:00,삼척,하장,0.5
2015-05-29,15:05:00,2015-05-29,21:50:00,삼척,가곡,0.25
2015-05-28,18:10:00,2015-05-28,19:35:00,평창,미탄,0.3
2015-05-25,01:21:00,2015-05-25,17:00:00,횡성,갑천,0.5
2015-05-23,18:10:00,2015-05-23,20:00:00,평창,평창,0.5
2015-05-21,19:22:00,2015-05-22,01:00:00,강릉,왕산,0.7
2015-05-21,15:55:00,2015-05-21,17:00:00,영월,북,0.04
2015-05-21,15:53:00,2015-05-21,16:50:00,횡성,우천,0.01
2015-05-21,15:40:00,2015-05-21,21:00:00,홍천,홍천,1.0
2015-05-21,14:55:00,2015-05-21,20:00:00,삼척,노곡,1.2
2015-05-17,17:10:00,2015-05-17,20:00:00,홍천,내,0.2
2015-05-17,11:12:00,2015-05-17,14:15:00,양양,현북,0.3
2015-05-11,13:26:00,2015-05-11,15:00:00,정선,임계,0.1
2015-05-10,15:30:00,2015-05-10,16:45:00,강릉,왕산,0.1
2015-05-08,13:27:00,2015-05-08,14:10:00,강릉,왕산,0.1
2015-05-07,14:50:00,2015-05-07,16:00:00,춘천,동산,0.01
2015-05-07,13:40:00,2015-05-07,14:40:00,춘천,서,0.01
2015-05-05,16:32:00,2015-05-05,17:50:00,횡성,횡성,0.01
2015-05-05,11:10:00,2015-05-05,12:20:00,평창,봉평,0.1
2015-05-05,10:40:00,2015-05-05,12:50:00,강릉,왕산,0.2
2015-05-05,07:15:00,2015-05-05,08:30:00,강릉,사천,0.01
2015-05-02,17:30:00,2015-05-02,19:40:00,강릉,주문진,0.02
2015-05-02,12:50:00,2015-05-02,16:00:00,영월,남,0.03
2015-04-29,21:15:00,2015-04-30,01:50:00,양구,양구,0.5
2015-04-28,13:58:00,2015-04-28,20:00:00,홍천,화촌,2.0
2015-04-26,19:32:00,2015-04-26,23:25:00,강릉,옥계,0.2
2015-04-26,12:30:00,2015-04-26,14:40:00,화천,상서,0.2
2015-12-22,13:54:00,2015-12-22,14:30:00,강릉,학,0.01
2015-12-19,20:04:00,2015-12-19,21:00:00,인제,남,0.01
2015-12-16,13:40:00,2015-12-16,16:00:00,양양,현남,0.1
2015-12-12,13:32:00,2015-12-12,15:10:00,횡성,횡성,0.03
2015-11-04,10:35:00,2015-11-04,14:00:00,인제,상남,0.2
2015-11-02,16:35:00,2015-11-02,18:55:00,양구,남,0.3
2015-11-02,13:50:00,2015-11-02,15:00:00,강릉,연곡,0.03
2015-11-01,16:40:00,2015-11-01,18:05:00,홍천,내,0.1
2015-10-25,22:48:00,2015-10-26,02:55:00,평창,진부,0.1
2015-10-24,12:02:00,2015-10-24,18:30:00,강릉,왕산,0.5
2015-10-17,15:57:00,2015-10-17,18:07:00,철원,갈말,0.05
2015-10-17,09:20:00,2015-10-17,15:02:00,강릉,연곡,0.8
2015-10-16,15:35:00,2015-10-16,16:30:00,정선,정선,0.05
2015-10-11,12:10:00,2015-10-11,16:39:00,춘천,서,0.01
2015-10-06,15:10:00,2015-10-06,17:40:00,철원,갈말,0.1
2015-09-29,14:00:00,2015-09-29,16:50:00,원주,문막,0.05
2015-09-27,16:40:00,2015-09-27,17:47:00,원주,판부,0.01
2015-09-27,11:35:00,2015-09-27,14:10:00,춘천,사북,0.01
2015-09-25,14:18:00,2015-09-25,15:48:00,횡성,강림,0.03
2015-06-22,14:40:00,2015-06-22,17:30:00,홍천,화촌,0.1
2015-06-17,15:50:00,2015-06-17,17:30:00,춘천,북산,0.05
2015-06-16,13:26:00,2015-06-16,15:10:00,화천,간동,0.02
2015-06-15,14:02:00,2015-06-15,17:30:00,양구,남,0.01
2015-06-12,13:40:00,2015-06-12,15:25:00,인제,남,0.01
2015-06-11,12:54:00,2015-06-11,20:00:00,홍천,화촌,0.5
2015-06-10,16:00:00,2015-06-10,18:20:00,정선,북평,0.4
2015-06-10,15:03:00,2015-06-10,19:50:00,인제,북,0.25
2015-06-10,12:41:00,2015-06-10,22:00:00,횡성,서원,1.0
2015-06-09,17:03:00,2015-06-09,17:39:00,인제,북,0.01
2015-06-07,12:30:00,2015-06-07,14:30:00,화천,화천,0.01
2015-06-05,08:32:00,2015-06-05,09:50:00,동해,천곡,0.02
2015-06-04,23:56:00,2015-06-05,01:40:00,고성,간성,0.06
2015-06-04,14:36:00,2015-06-04,18:50:00,강릉,왕산,0.1
2015-06-04,13:30:00,2015-06-04,15:00:00,철원,갈말,1.0
2015-03-27,21:39:00,2015-03-27,22:10:00,양양,손양,0.03
2015-03-27,19:30:00,2015-03-27,21:30:00,고성,간성,0.9
2015-03-26,14:00:00,2015-03-26,16:50:00,원주,신림,1.5
2015-03-26,11:50:00,2015-03-26,15:50:00,삼척,도경,0.3
2015-03-25,20:01:00,2015-03-25,22:00:00,춘천,남산,0.05
2015-03-25,18:49:00,2015-03-26,17:00:00,홍천,내촌,2.9
2015-03-25,17:00:00,2015-03-25,17:55:00,평창,미탄,0.2
2015-03-25,16:36:00,2015-03-25,17:35:00,원주,귀래,0.06
2015-03-25,15:55:00,2015-03-25,18:00:00,삼척,도계,0.2
2015-03-25,13:21:00,2015-03-25,15:27:00,홍천,서석,0.1
2015-03-24,16:32:00,2015-03-24,19:00:00,홍천,내촌,0.2
2015-03-23,13:11:00,2015-03-24,18:00:00,홍천,화촌,3.0
2015-03-23,12:50:00,2015-03-23,20:45:00,인제,인제,3.0
2015-03-23,09:45:00,2015-03-23,10:53:00,철원,갈말,0.1
2015-03-22,16:04:00,2015-03-22,21:40:00,홍천,두촌,2.0
2015-03-22,14:20:00,2015-03-22,18:30:00,횡성,청일,0.3
2015-03-22,14:01:00,2015-03-23,10:30:00,화천,간동,11.0
2015-03-15,14:35:00,2015-03-15,17:15:00,동해,쇄운,0.3
2015-03-15,10:36:00,2015-03-15,13:00:00,양구,양구,0.2
2015-03-14,14:53:00,2015-03-14,16:48:00,홍천,남,0.8
2015-03-14,13:30:00,2015-03-14,14:20:00,양구,동,0.07
2015-03-14,11:56:00,2015-03-14,12:12:00,강릉,유천,0.02
2015-03-11,18:59:00,2015-03-11,19:47:00,홍천,동,0.03
2015-03-11,17:17:00,2015-03-11,17:49:00,강릉,연곡,0.1
2015-03-09,14:42:00,2015-03-09,16:26:00,춘천,동,0.4
2015-03-09,14:21:00,2015-03-09,15:00:00,춘천,신북,0.01
2015-03-08,14:00:00,2015-03-08,15:10:00,강릉,성산,0.1
2015-03-08,11:00:00,2015-03-08,14:00:00,고성,죽왕,0.9
2015-03-08,10:39:00,2015-03-08,12:00:00,횡성,청일,0.1
2015-03-07,13:35:00,2015-03-07,15:10:00,춘천,동,0.2
2015-03-04,11:40:00,2015-03-05,08:00:00,정선,여량,7.0
2015-03-02,16:17:00,2015-03-02,17:20:00,인제,북,0.01
2015-02-26,14:15:00,2015-02-26,15:35:00,원주,태장,0.2
2015-02-12,11:46:00,2015-02-12,14:00:00,영월,남,1.0
2015-02-08,13:31:00,2015-02-11,10:00:00,삼척,가곡,18.0
2015-02-01,16:21:00,2015-02-01,17:43:00,춘천,북산,0.1
2015-01-10,13:02:00,2015-01-10,16:00:00,강릉,왕산,0.2
2015-01-05,01:54:00,2015-01-05,03:00:00,강릉,주문진,0.16
2015-03-22,13:40:00,2015-03-22,15:15:00,영월,주천,0.1
2015-03-21,13:25:00,2015-03-21,15:12:00,화천,화천,0.3
2015-03-20,14:43:00,2015-03-20,16:00:00,홍천,동,0.1
2015-03-19,15:03:00,2015-03-19,16:10:00,화천,사내,0.02
2015-03-17,16:14:00,2015-03-17,18:40:00,삼척,원덕,0.5
2015-03-16,15:54:00,2015-03-16,17:20:00,태백,금천,0.5
2015-04-24,13:30:00,2015-04-24,16:00:00,정선,여량,0.3
2015-04-23,14:30:00,2015-04-23,22:00:00,인제,인제,1.0
2015-04-23,12:20:00,2015-04-23,14:40:00,고성,간성,0.5
2015-04-13,10:41:00,2015-04-13,11:35:00,화천,상서,0.3
2015-04-12,16:20:00,2015-04-12,17:50:00,철원,김화,0.2
2015-04-12,07:30:00,2015-04-12,09:00:00,원주,호저,0.06
2015-04-03,14:37:00,2015-04-03,15:40:00,인제,북,0.01
2015-03-30,13:08:00,2015-03-30,15:30:00,춘천,남산,0.1
2015-03-29,14:30:00,2015-03-29,15:30:00,춘천,남산,0.03
2015-03-29,13:05:00,2015-03-29,13:39:00,원주,태장,0.05
2015-03-28,14:40:00,2015-03-28,22:30:00,평창,미탄,2.5
2016-12-02,12:37:00,2016-12-02,13:30:00,철원,서,0.02
2016-11-29,04:35:00,2016-11-29,05:30:00,강릉,주문진,0.01
2016-11-25,17:45:00,2016-11-25,18:50:00,횡성,횡성,0.03
2016-11-21,04:29:00,2016-11-21,05:50:00,강릉,구정,0.01
2016-11-14,12:33:00,2016-11-14,13:10:00,삼척,하장,0.01
2016-09-20,14:10:00,2016-09-20,16:30:00,춘천,사북,0.01
2016-08-23,16:28:00,2016-08-23,18:44:00,원주,귀래,0.03
2016-08-18,15:55:00,2016-08-18,18:46:00,횡성,서원,0.04
2016-06-29,14:30:00,2016-06-29,16:30:00,횡성,서원,0.3
2016-06-20,15:45:00,2016-06-20,17:21:00,원주,흥업,0.05
2016-06-17,13:10:00,2016-06-17,14:40:00,춘천,서,0.01
2016-06-10,13:07:00,2016-06-10,14:30:00,정선,신동,0.2
2016-06-10,12:55:00,2016-06-10,14:35:00,홍천,내촌,0.1
2016-06-06,14:50:00,2016-06-06,17:00:00,인제,남,0.01
2016-06-06,12:48:00,2016-06-06,15:30:00,강릉,연곡,0.1
2016-06-05,10:46:00,2016-06-05,12:50:00,인제,남,0.1
2016-06-04,11:05:00,2016-06-04,13:00:00,화천,하남,0.01
2016-06-04,06:07:00,2016-06-04,11:40:00,고성,토성,0.3
2016-06-03,11:45:00,2016-06-03,12:40:00,인제,남,0.1
2016-06-03,11:10:00,2016-06-03,15:40:00,삼척,가곡,0.5
2016-05-30,13:45:00,2016-05-30,15:50:00,평창,진부,1.0
2016-05-21,19:55:00,2016-05-21,21:40:00,양구,양구,0.05
2016-05-21,15:04:00,2016-05-21,18:00:00,춘천,신동,0.01
2016-05-20,15:18:00,2016-05-20,16:23:00,원주,소초,0.08
2016-05-18,13:14:00,2016-05-18,15:40:00,양양,강현,0.05
2016-05-15,13:12:00,2016-05-15,15:30:00,정선,신동,0.1
2016-05-14,15:20:00,2016-05-14,18:00:00,정선,남,2.0
2016-05-14,12:35:00,2016-05-14,14:20:00,정선,신동,0.3
2016-05-12,17:24:00,2016-05-12,19:30:00,삼척,근덕,0.1
2016-05-09,13:23:00,2016-05-09,16:05:00,영월,주천,0.02
2016-05-07,16:40:00,2016-05-07,19:00:00,삼척,하장,0.03
2016-05-01,08:35:00,2016-05-01,09:30:00,평창,봉평,0.01
2016-04-30,19:05:00,2016-04-30,20:15:00,강릉,연곡,0.03
2016-04-26,12:35:00,2016-04-26,13:50:00,인제,남,0.01
2016-04-24,10:35:00,2016-04-24,12:15:00,삼척,원덕,0.05
2016-04-16,15:13:00,2016-04-16,16:23:00,삼척,미로,0.04
2016-04-11,12:51:00,2016-04-11,14:20:00,춘천,신북,0.7
2016-04-09,15:32:00,2016-04-09,16:44:00,고성,죽왕,0.08
2016-04-06,19:40:00,2016-04-06,21:50:00,홍천,동,0.8
2016-04-06,15:10:00,2016-04-06,16:24:00,원주,부론,0.05
2016-04-04,17:52:00,2016-04-04,18:51:00,화천,하남,0.01
2016-04-02,19:05:00,2016-04-03,01:00:00,평창,방림,2.0
2016-04-02,15:24:00,2016-04-02,17:50:00,영월,김삿갓,0.5
2016-04-02,14:20:00,2016-04-02,18:00:00,홍천,서,1.0
2016-04-01,16:48:00,2016-04-01,17:55:00,횡성,횡성,0.5
2016-04-01,12:45:00,2016-04-01,20:20:00,양구,남,6.0
2016-04-01,11:20:00,2016-04-01,12:18:00,평창,진부,0.2
2016-04-01,10:06:00,2016-04-01,11:10:00,철원,갈말,0.2
2016-03-31,12:52:00,2016-03-31,15:30:00,화천,사내,1.5
2016-03-28,18:15:00,2016-03-28,19:00:00,원주,신림,0.03
2016-03-28,13:03:00,2016-03-28,18:39:00,철원,김화,2.0
2016-03-27,11:43:00,2016-03-27,13:50:00,화천,사내,0.3
2016-03-24,13:02:00,2016-03-24,13:53:00,원주,소초,0.09
2016-03-23,16:30:00,2016-03-23,16:56:00,원주,호저,0.03
2016-03-18,13:46:00,2016-03-18,15:50:00,춘천,동산,0.6
2016-03-17,12:30:00,2016-03-17,13:50:00,홍천,서,0.1
2016-03-17,12:20:00,2016-03-17,13:35:00,강릉,성산,0.6
2016-03-16,13:08:00,2016-03-16,13:45:00,횡성,우천,0.04
2016-03-16,11:27:00,2016-03-16,12:20:00,영월,북,0.02
2016-03-15,17:11:00,2016-03-15,18:09:00,화천,상서,0.1
2016-03-06,15:28:00,2016-03-06,17:00:00,정선,남,0.1
2016-03-04,17:30:00,2016-03-04,20:10:00,철원,갈말,0.1
2016-03-04,13:34:00,2016-03-04,14:50:00,춘천,북산,0.03
2016-03-02,18:00:00,2016-03-02,19:30:00,강릉,성산,0.1
2016-02-26,15:40:00,2016-02-26,16:15:00,영월,상동,0.05
2016-02-26,14:43:00,2016-02-26,15:35:00,춘천,동내,0.01
2016-02-23,17:50:00,2016-02-23,19:30:00,화천,사내,0.03
2016-02-23,13:52:00,2016-02-23,15:54:00,양구,양구,0.5
2016-02-23,13:40:00,2016-02-23,15:20:00,인제,북,1.0
2016-02-21,15:15:00,2016-02-21,17:35:00,정선,남,0.3
2016-02-21,09:06:00,2016-02-21,13:30:00,정선,신동,0.3
2016-02-18,23:20:00,2016-02-19,02:00:00,동해,발한,0.26
2016-02-10,13:40:00,2016-02-10,15:45:00,춘천,북산,0.02
2016-02-08,13:22:00,2016-02-08,15:45:00,횡성,횡성,3.0
2016-02-05,15:56:00,2016-02-05,17:50:00,횡성,우천,0.8
2016-02-04,13:35:00,2016-02-04,17:00:00,춘천,동,1.0
2016-02-04,11:22:00,2016-02-04,12:44:00,원주,문막,0.05
2016-02-01,17:49:00,2016-02-01,19:30:00,홍천,내촌,0.3
2016-02-01,14:36:00,2016-02-01,15:30:00,원주,신림,0.01
2016-01-31,13:07:00,2016-01-31,14:10:00,영월,수주,0.05
2016-01-29,11:51:00,2016-01-29,14:00:00,홍천,북방,0.03
2016-01-29,01:22:00,2016-01-29,04:30:00,홍천,내촌,0.05
2016-01-27,16:22:00,2016-01-27,17:22:00,원주,귀래,0.15
2016-01-26,16:46:00,2016-01-26,17:50:00,양양,강현,0.03
2016-01-26,03:58:00,2016-01-26,07:00:00,춘천,사북,0.1
2016-01-25,17:02:00,2016-01-25,20:00:00,춘천,남,0.3
2016-01-22,16:25:00,2016-01-22,17:30:00,춘천,신동,0.01
2016-01-19,18:40:00,2016-01-19,21:29:00,강릉,구정,3.0
2016-01-13,11:25:00,2016-01-13,12:05:00,원주,호저,0.03
2016-01-12,14:28:00,2016-01-12,15:20:00,양구,남,0.05
2016-01-06,15:13:00,2016-01-06,16:30:00,고성,거진,0.06
2017-04-24,13:59:00,2017-04-24,14:49:00,강릉,연곡,0.3
2017-04-23,15:35:00,2017-04-23,16:07:00,속초,설악,0.01
2017-04-23,14:03:00,2017-04-23,16:01:00,양구,양구,0.12
2017-04-23,13:11:00,2017-04-23,14:20:00,영월,중동,0.2
2017-04-23,03:08:00,2017-04-23,04:30:00,횡성,횡성,0.06
2017-04-20,11:30:00,2017-04-20,12:08:00,고성,죽왕,0.01
2017-04-13,15:41:00,2017-04-13,16:00:00,고성,거진,0.02
2017-04-13,11:12:00,2017-04-13,14:00:00,춘천,서,0.35
2017-04-12,08:40:00,2017-04-12,10:49:00,철원,동송,0.01
2017-04-10,16:50:00,2017-04-10,19:20:00,철원,서,0.01
2017-04-10,11:20:00,2017-04-10,14:00:00,원주,소초,0.2
2017-04-08,13:28:00,2017-04-08,15:17:00,영월,무릉도원,0.3
2017-04-04,19:40:00,2017-04-04,21:15:00,철원,갈말,0.1
2017-03-30,15:21:00,2017-03-30,17:30:00,홍천,화촌,0.4
2017-03-30,15:10:00,2017-03-30,16:30:00,춘천,서,0.01
2017-03-23,13:42:00,2017-03-23,15:30:00,횡성,갑천,0.5
2017-03-22,17:54:00,2017-03-22,20:15:00,화천,사내,0.15
2017-03-22,16:38:00,2017-03-22,17:35:00,인제,인제,0.01
2017-12-22,16:50:00,2017-12-22,21:00:00,양양,서,0.3
2017-12-04,19:38:00,2017-12-04,23:00:00,양양,현북,1.0
2017-12-02,21:04:00,2017-12-02,23:30:00,원주,부론,0.2
2017-11-30,11:14:00,2017-11-30,12:20:00,홍천,홍천,0.05
2017-11-20,11:58:00,2017-11-20,14:03:00,영월,남,0.3
2017-11-19,13:36:00,2017-11-19,14:30:00,정선,여량,0.05
2017-11-16,15:08:00,2017-11-16,16:13:00,홍천,내촌,0.5
2017-11-16,13:15:00,2017-11-16,14:30:00,평창,평창,0.09
2017-06-23,14:30:00,2017-06-23,18:00:00,횡성,갑천,0.01
2017-06-22,16:52:00,2017-06-22,18:00:00,양양,서,0.02
2017-06-21,14:37:00,2017-06-21,16:10:00,철원,갈말,0.01
2017-06-19,21:14:00,2017-06-19,00:00:00,홍천,서석,0.05
2017-06-19,12:02:00,2017-06-19,13:00:00,강릉,왕산,0.01
2017-06-17,17:45:00,2017-06-17,19:00:00,횡성,강림,0.01
2017-06-04,12:20:00,2017-06-04,14:08:00,철원,근남,0.01
2017-06-04,11:58:00,2017-06-04,13:45:00,화천,사내,0.1
2017-06-04,10:50:00,2017-06-04,16:00:00,인제,인제,0.3
2017-06-03,05:30:00,2017-06-03,17:00:00,춘천,동,0.2
2017-06-02,14:50:00,2017-06-02,16:00:00,강릉,옥계,0.06
2017-06-01,00:50:00,2017-06-01,03:05:00,원주,문막,0.3
2017-05-27,11:03:00,2017-05-27,12:25:00,평창,용평,0.01
2017-05-26,11:07:00,2017-05-26,12:30:00,춘천,서,0.01
2017-05-25,10:40:00,2017-05-25,15:00:00,춘천,서,0.05
2017-05-21,12:30:00,2017-05-21,17:00:00,인제,상남,0.1
2017-05-20,15:25:00,2017-05-20,16:44:00,화천,사내,0.06
2017-05-20,12:39:00,2017-05-20,14:19:00,정선,임계,0.04
2017-05-20,11:10:00,2017-05-20,12:55:00,양구,동,0.1
2017-05-19,13:32:00,2017-05-19,14:35:00,강릉,왕산,0.06
2017-05-09,14:50:00,2017-05-09,16:15:00,원주,흥업,0.03
2017-05-08,14:50:00,2017-05-08,19:00:00,홍천,홍천,0.05
2017-05-07,19:47:00,2017-05-07,22:45:00,춘천,북산,0.01
2017-05-07,19:14:00,2017-05-07,21:15:00,춘천,북산,0.1
2017-05-06,15:32:00,2017-05-09,06:34:00,강릉,성산,57.0
2017-05-06,14:24:00,2017-05-06,16:30:00,홍천,내촌,0.01
2017-05-06,13:59:00,2017-05-06,14:36:00,고성,간성,0.02
2017-05-06,11:42:00,2017-05-09,11:20:00,삼척,도계,270.0
2017-05-05,18:23:00,2017-05-05,20:30:00,홍천,동,0.01
2017-05-05,15:04:00,2017-05-05,15:45:00,강릉,왕산,0.05
2017-05-05,14:50:00,2017-05-05,16:05:00,정선,남,0.1
2017-05-03,20:27:00,2017-05-03,23:50:00,영월,상동,0.1
2017-05-03,17:19:00,2017-05-03,18:30:00,영월,영월,0.01
2017-05-03,17:02:00,2017-05-03,19:00:00,홍천,북방,0.05
2017-05-03,14:30:00,2017-05-03,19:30:00,영월,상동,0.5
2017-05-03,11:17:00,2017-05-03,17:00:00,홍천,북방,0.3
2017-05-02,15:01:00,2017-05-02,15:33:00,고성,거진,0.05
2017-05-02,14:54:00,2017-05-02,20:00:00,홍천,내촌,0.3
2017-05-02,13:20:00,2017-05-02,15:10:00,원주,문막,0.05
2017-05-02,12:30:00,2017-05-02,13:30:00,원주,부론,0.1
2017-05-01,14:40:00,2017-05-01,15:55:00,고성,간성,0.05
2017-05-01,12:30:00,2017-05-01,16:30:00,인제,남,0.5
2017-04-29,18:33:00,2017-04-30,11:00:00,춘천,칠전,0.5
2017-04-29,15:57:00,2017-04-29,16:50:00,춘천,동산,0.01
2017-04-29,12:24:00,2017-04-29,13:45:00,춘천,서,0.02
2017-04-29,05:20:00,2017-04-29,07:13:00,고성,거진,0.1
2017-04-28,14:00:00,2017-04-28,20:00:00,홍천,내,0.1
2017-04-26,15:20:00,2017-04-26,21:00:00,홍천,화촌,0.2
2017-03-15,11:02:00,2017-03-15,12:30:00,춘천,동산,0.05
2017-03-14,15:11:00,2017-03-14,18:20:00,홍천,서,0.5
2017-03-14,12:26:00,2017-03-14,14:55:00,춘천,서,0.3
2017-03-14,12:15:00,2017-03-14,14:00:00,화천,상서,0.1
2017-03-13,15:38:00,2017-03-13,17:00:00,영월,김삿갓,0.3
2017-03-12,17:45:00,2017-03-12,19:40:00,춘천,서,0.3
2017-03-11,16:28:00,2017-03-11,19:00:00,홍천,서,0.05
2017-03-11,14:58:00,2017-03-11,20:00:00,양구,남,0.3
2017-03-10,21:30:00,2017-03-10,00:00:00,홍천,홍천,0.2
2017-01-19,18:55:00,2017-01-19,19:35:00,강릉,구정,0.05
2017-01-16,13:39:00,2017-01-16,14:15:00,양양,서,0.02
2017-01-14,21:44:00,2017-01-14,22:55:00,양양,현북,0.04
2017-01-12,16:19:00,2017-01-12,17:30:00,강릉,사천,0.03
2017-01-11,14:22:00,2017-01-11,16:00:00,춘천,서,0.05
2017-03-10,12:50:00,2017-03-10,14:10:00,삼척,도계,0.1
2017-03-10,11:35:00,2017-03-10,12:20:00,춘천,동,0.01
2017-03-09,10:28:00,2017-03-10,22:30:00,강릉,옥계,75.0
2017-03-03,21:20:00,2017-03-03,23:55:00,홍천,서,0.01
2017-02-28,13:00:00,2017-02-28,14:00:00,원주,호저,0.1
2017-02-28,10:53:00,2017-02-28,11:52:00,홍천,내촌,0.2
2017-02-22,09:15:00,2017-02-22,09:45:00,강릉,강동,0.01
2017-02-21,11:56:00,2017-02-21,12:55:00,강릉,강동,0.03
2017-03-19,18:14:00,2017-03-19,20:00:00,춘천,석사,0.05
2017-03-19,14:25:00,2017-03-19,15:15:00,영월,영월,0.2
2017-03-19,10:58:00,2017-03-19,14:58:00,화천,하남,1.5
2017-03-19,10:44:00,2017-03-19,12:39:00,평창,용평,0.3
2017-03-18,16:50:00,2017-03-18,18:00:00,원주,흥업,0.03
2017-03-18,13:00:00,2017-03-18,14:10:00,고성,토성,0.1
2017-03-17,13:46:00,2017-03-17,14:47:00,철원,동송,0.1
2018-12-28,20:43:00,2018-12-29,16:00:00,삼척,미로,10.0
2018-12-22,14:17:00,2018-12-22,15:30:00,평창,진부,0.05
2018-11-26,06:30:00,2018-11-26,07:25:00,삼척,근덕,0.03
2018-11-23,09:52:00,2018-11-23,11:20:00,삼척,근덕,0.1
2018-11-22,14:24:00,2018-11-22,15:25:00,철원,서,0.1
2018-10-04,13:30:00,2018-10-04,15:20:00,인제,남,0.01
2018-06-23,14:20:00,2018-06-23,20:00:00,춘천,북산,0.01
2018-06-22,18:02:00,2018-06-23,23:30:00,인제,남,0.01
2018-06-22,15:00:00,2018-06-22,19:30:00,양구,남,0.05
2018-06-01,14:30:00,2018-06-01,18:00:00,춘천,신북,0.01
2018-04-21,21:35:00,2018-04-22,00:50:00,원주,문막,0.5
2018-04-21,16:38:00,2018-04-21,18:40:00,춘천,서,0.5
2018-04-21,11:35:00,2018-04-21,23:00:00,인제,인제,3.0
2018-04-01,13:00:00,2018-04-01,15:20:00,철원,동송,0.1
2018-03-28,06:19:00,2018-03-28,22:00:00,고성,간성,40.0
2018-03-25,21:20:00,2018-03-25,23:00:00,삼척,근덕,0.2
2018-03-25,19:55:00,2018-03-25,22:16:00,원주,태장,0.3
2018-03-22,14:30:00,2018-03-22,16:20:00,춘천,남산,1.1
2018-03-14,14:34:00,2018-03-14,15:30:00,춘천,온의,0.2
2018-02-20,15:56:00,2018-02-20,17:28:00,정선,신동,0.1
2018-02-19,15:03:00,2018-02-19,16:30:00,원주,부론,0.5
2018-02-16,14:11:00,2018-02-16,15:20:00,평창,평창,0.5
2018-02-12,12:12:00,2018-02-12,13:50:00,횡성,공근,0.1
2018-02-11,21:27:00,2018-02-13,21:00:00,삼척,도계,50.0
2018-02-11,16:14:00,2018-02-13,21:00:00,삼척,노곡,67.0
2018-02-11,13:25:00,2018-02-11,14:39:00,영월,중동,0.2
2018-02-09,06:15:00,2018-02-09,08:00:00,춘천,동산,0.01
2018-02-08,15:00:00,2018-02-08,17:55:00,양구,남,0.06
2018-02-01,13:40:00,2018-02-01,17:00:00,홍천,서석,0.02
2018-01-14,19:53:00,2018-01-15,05:30:00,양양,양양,1.2
2018-04-21,10:48:00,2018-04-21,12:04:00,화천,간동,0.15
2018-04-20,13:38:00,2018-04-20,17:50:00,평창,대관령,0.08
2018-04-19,19:30:00,2018-04-20,07:00:00,양양,현남,3.0
2018-04-13,12:51:00,2018-04-13,15:00:00,춘천,동,0.02
2018-04-09,14:36:00,2018-04-09,18:30:00,삼척,원덕,0.3
2018-08-17,13:46:00,2018-08-17,18:20:00,춘천,동,0.5
2018-08-15,12:20:00,2018-08-15,14:00:00,횡성,안흥,0.25
2018-08-05,18:28:00,2018-08-05,19:33:00,강릉,왕산,0.02
2018-08-05,16:35:00,2018-08-05,18:10:00,홍천,동,0.03
2018-08-03,10:28:00,2018-08-03,13:10:00,횡성,우천,0.3
2018-08-01,08:51:00,2018-08-01,13:00:00,춘천,동,0.1
2018-07-31,15:04:00,2018-07-31,17:21:00,원주,부론,0.2
2018-07-29,13:48:00,2018-07-29,19:00:00,춘천,남,0.01
2018-06-24,17:30:00,2018-06-24,20:00:00,홍천,내촌,0.25
2018-06-24,16:42:00,2018-06-24,20:00:00,홍천,북방,1.0
2018-01-10,21:38:00,2018-01-10,22:40:00,양양,양양,0.02
2018-01-02,20:40:00,2018-01-02,22:30:00,원주,소초,0.01
2019-12-31,02:56:00,2019-12-31,04:43:00,강릉,,0.1
2019-12-31,00:32:00,2019-12-31,04:21:00,고성,토성,0.5
2019-12-24,12:11:00,2019-12-24,14:22:00,평창,미탄,0.01
2019-12-20,11:40:00,2019-12-20,13:20:00,홍천,홍천,0.04
2019-12-11,19:18:00,2019-12-12,10:39:00,정선,북평,2.0
2019-12-11,16:25:00,2019-12-11,18:00:00,인제,인제,0.05
2019-12-06,08:59:00,2019-12-06,09:50:00,춘천,북산,0.5
2019-12-05,10:09:00,2019-12-05,15:00:00,삼척,도계,0.1
2019-12-04,11:30:00,2019-12-04,12:47:00,양구,양구,0.1
2019-11-16,17:18:00,2019-11-16,18:10:00,강릉,구정,0.01
2019-08-26,12:10:00,2019-08-26,18:00:00,홍천,서석,0.08
2019-08-23,12:31:00,2019-08-23,14:15:00,횡성,서원,0.15
2019-07-09,18:39:00,2019-07-09,21:10:00,영월,남,0.6
2019-07-09,13:49:00,2019-07-09,16:00:00,원주,귀래,0.01
2019-07-08,09:38:00,2019-07-08,12:45:00,원주,신림,0.1
2019-07-07,16:04:00,2019-07-07,17:10:00,횡성,청일,0.07
2019-06-04,14:14:00,2019-06-04,15:26:00,정선,화암,0.2
2019-05-24,12:59:00,2019-05-24,14:30:00,영월,영월,0.1
2019-05-23,12:37:00,2019-05-23,14:38:00,정선,임계,0.1
2019-05-19,14:20:00,2019-05-19,14:51:00,강릉,강동,0.01
2019-05-16,15:55:00,2019-05-16,17:30:00,평창,대관령,0.02
2019-05-12,11:59:00,2019-05-12,12:50:00,정선,신동,0.1
2019-05-11,17:50:00,2019-05-11,19:20:00,홍천,서,0.08
2019-05-11,14:36:00,2019-05-11,16:20:00,정선,신동,0.1
2019-05-10,09:34:00,2019-05-10,12:00:00,고성,죽왕,0.54
2019-05-07,15:40:00,2019-05-07,18:30:00,홍천,서석,1.3
2019-05-07,11:47:00,2019-05-07,18:00:00,춘천,동,1.5
2019-05-06,17:50:00,2019-05-06,19:20:00,원주,소초,0.1
2019-05-06,14:08:00,2019-05-06,14:58:00,홍천,화촌,0.02
2019-05-05,14:25:00,2019-05-05,22:00:00,인제,남,5.2
2019-05-05,11:40:00,2019-05-05,12:30:00,횡성,둔내,0.15
2019-05-05,03:22:00,2019-05-05,04:45:00,춘천,석사,0.05
2019-05-03,14:44:00,2019-05-03,16:01:00,춘천,석사,0.05
2019-05-02,16:28:00,2019-05-02,17:10:00,횡성,성원,0.03
2019-05-02,14:21:00,2019-05-02,16:25:00,춘천,남산,0.2
2019-04-22,12:19:00,2019-04-22,13:31:00,화천,사내,0.09
2019-04-20,12:27:00,2019-04-20,15:30:00,춘천,사북,0.03
2019-04-17,13:52:00,2019-04-17,14:51:00,영월,영월,0.2
2019-04-16,16:14:00,2019-04-16,16:50:00,홍천,서,0.08
2019-01-22,12:30:00,2019-01-22,17:15:00,태백,백산,0.1
2019-01-20,12:30:00,2019-01-20,15:00:00,춘천,서,1.2
2019-01-19,22:40:00,2019-01-19,23:45:00,강릉,왕산,0.03
2019-01-10,11:17:00,2019-01-10,12:05:00,고성,토성,0.5
2019-01-01,16:12:00,2019-01-02,17:20:00,양양,서,20.0
2019-04-16,11:44:00,2019-04-16,18:00:00,고성,현내,0.2
2019-04-12,20:58:00,2019-04-12,23:10:00,양구,양구,0.3
2019-04-08,14:45:00,2019-04-08,18:00:00,인제,남,0.5
2019-04-07,10:39:00,2019-04-07,12:21:00,영월,김삿갓,0.3
2019-04-04,23:46:00,2019-04-05,21:30:00,강릉,옥계,1260.0
2019-04-04,19:17:00,2019-04-05,18:00:00,고성,토성,1227.0
2019-04-04,16:16:00,2019-04-04,18:00:00,원주,부론,0.5
2019-04-04,14:45:00,2019-04-06,18:00:00,인제,남,345.0
2019-04-04,13:30:00,2019-04-04,14:05:00,횡성,횡성,0.05
2019-04-03,14:22:00,2019-04-03,17:30:00,횡성,갑천,0.7
2019-04-01,19:00:00,2019-04-01,20:15:00,홍천,서,0.02
2019-03-17,12:40:00,2019-03-17,15:30:00,속초,도문,1.0
2019-03-13,18:59:00,2019-03-13,21:45:00,춘천,신북,0.02
2019-03-13,10:47:00,2019-03-13,12:30:00,강릉,연곡,0.01
2019-03-12,15:00:00,2019-03-12,16:20:00,춘천,동,0.1
2019-03-09,07:50:00,2019-03-09,09:00:00,강릉,성산,0.1
2019-03-08,17:15:00,2019-03-08,18:30:00,홍천,서석,0.02
2019-03-06,13:49:00,2019-03-06,15:40:00,강릉,왕산,0.06
2019-03-04,13:34:00,2019-03-04,14:20:00,횡성,우천,0.1
2019-03-04,12:40:00,2019-03-04,18:00:00,홍천,동,0.6
2019-03-03,11:45:00,2019-03-03,12:40:00,원주,단계,0.1
2019-03-02,16:08:00,2019-03-02,19:00:00,화천,화천,0.4
2019-03-02,14:47:00,2019-03-02,15:40:00,춘천,남산,0.02
2019-02-27,14:12:00,2019-02-27,17:00:00,춘천,서,1.0
2019-02-27,11:34:00,2019-02-27,12:50:00,평창,용평,0.1
2019-01-30,17:20:00,2019-01-30,18:30:00,홍천,화촌,0.05
2019-01-30,16:23:00,2019-01-30,20:00:00,동해,신흥,0.5
2019-01-29,12:58:00,2019-01-29,14:30:00,횡성,청일,0.4
2019-01-27,18:58:00,2019-01-27,22:40:00,원주,신림,0.2
2019-01-27,14:22:00,2019-01-28,10:30:00,춘천,신북,2.0
2019-01-27,02:58:00,2019-01-27,04:50:00,원주,신림,0.1
2019-01-26,14:15:00,2019-01-26,15:32:00,평창,방림,0.05
2019-01-25,15:15:00,2019-01-25,16:30:00,원주,지정,0.1
2019-01-24,15:48:00,2019-01-24,19:00:00,인제,서화,1.0
2020-04-04,16:52:00,2020-04-04,18:45:00,춘천,사북,0.3
2020-04-04,05:50:00,2020-04-04,06:44:00,횡성,우천,0.08
2020-04-04,03:26:00,2020-04-04,09:00:00,삼척,근덕,0.5
2020-04-03,14:44:00,2020-04-03,15:45:00,홍천,두촌,0.1
2020-04-02,19:20:00,2020-04-02,20:10:00,횡성,갑천,0.05
2020-04-01,11:44:00,2020-04-01,13:00:00,평창,미탄,0.05
2020-03-31,13:00:00,2020-03-31,15:00:00,철원,동송,2.0
2020-03-26,12:27:00,2020-03-26,16:20:00,철원,갈말,5.0
2020-03-26,11:03:00,2020-03-26,13:53:00,양양,현남,0.3
2020-03-25,16:01:00,2020-03-25,18:30:00,영월,상동,1.0
2020-12-25,16:22:00,2020-12-25,18:20:00,영월,영월,0.3
2020-12-12,18:25:00,2020-12-12,20:00:00,홍천,서,0.04
2020-12-12,15:16:00,2020-12-12,19:00:00,원주,신림,0.05
2020-12-12,11:43:00,2020-12-12,14:30:00,원주,신림,0.5
2020-12-08,20:37:00,2020-12-08,23:00:00,홍천,동,0.02
2020-12-01,21:59:00,2020-12-01,00:30:00,횡성,우천,0.1
2020-11-16,12:33:00,2020-11-16,15:00:00,홍천,홍천,0.1
2020-11-08,02:27:00,2020-11-08,04:40:00,동해,,0.11
2020-11-04,12:45:00,2020-11-04,14:30:00,철원,동송,0.01
2020-10-30,14:23:00,2020-10-30,15:46:00,평창,진부,0.1
2020-10-29,14:00:00,2020-10-29,16:15:00,정선,신동,0.1
2020-10-24,22:22:00,2020-10-25,07:00:00,삼척,노곡,0.6
2020-10-18,13:10:00,2020-10-18,16:30:00,홍천,화촌,0.01
2020-10-13,14:40:00,2020-10-13,17:00:00,홍천,화촌,0.01
2020-10-11,07:44:00,2020-10-11,10:30:00,홍천,화촌,0.01
2020-10-09,17:03:00,2020-10-09,00:00:00,홍천,서석,0.05
2020-10-06,14:17:00,2020-10-06,17:30:00,춘천,사북,0.01
2020-06-23,09:45:00,2020-06-23,13:30:00,홍천,동,0.15
2020-06-13,15:10:00,2020-06-13,18:00:00,춘천,동,0.4
2020-06-08,15:15:00,2020-06-08,19:15:00,춘천,동,0.1
2020-05-08,16:00:00,2020-05-08,17:15:00,횡성,갑천,0.4
2020-05-08,15:00:00,2020-05-08,17:00:00,홍천,서,0.07
2020-05-08,14:50:00,2020-05-08,16:30:00,홍천,홍천,0.03
2020-05-06,11:33:00,2020-05-06,13:20:00,철원,철원,0.06
2020-05-01,20:10:00,2020-05-02,09:00:00,고성,토성,85.0
2020-05-01,15:21:00,2020-05-01,18:00:00,홍천,동,0.01
2020-05-01,14:30:00,2020-05-01,16:30:00,춘천,동,0.2
2020-04-30,18:05:00,2020-04-30,20:00:00,원주,지정,0.01
2020-04-30,12:27:00,2020-04-30,17:00:00,홍천,서석,0.2
2020-04-27,11:28:00,2020-04-27,12:40:00,횡성,공근,0.02
2020-04-26,13:27:00,2020-04-26,15:30:00,춘천,동,0.01
2020-04-24,13:07:00,2020-04-24,14:20:00,춘천,남,1.0
2020-04-24,11:35:00,2020-04-24,14:00:00,철원,갈말,0.6
2020-04-22,14:23:00,2020-04-22,16:10:00,인제,인제,0.2
2020-04-22,13:48:00,2020-04-22,15:15:00,강릉,성산,0.3
2020-04-16,15:23:00,2020-04-16,17:04:00,인제,인제,0.01
2020-04-15,14:50:00,2020-04-15,16:45:00,평창,대화,0.2
2020-04-14,17:48:00,2020-04-15,12:00:00,철원,서,19.0
2020-04-13,19:16:00,2020-04-13,20:03:00,화천,사내,0.05
2020-04-13,12:10:00,2020-04-13,14:22:00,횡성,갑천,0.8
2020-04-11,14:34:00,2020-04-11,15:02:00,횡성,우천,0.01
2020-04-10,11:56:00,2020-04-10,13:29:00,평창,진부,0.3
2020-04-10,11:51:00,2020-04-10,13:30:00,원주,신림,0.5
2020-04-08,13:36:00,2020-04-08,15:55:00,원주,소초,1.5
2020-04-08,12:30:00,2020-04-08,15:00:00,영월,주천,0.8
2020-03-15,14:52:00,2020-03-15,15:45:00,강릉,,0.04
2020-03-15,14:29:00,2020-03-15,15:32:00,홍천,서,0.06
2020-03-08,16:05:00,2020-03-08,18:10:00,춘천,동산,0.1
2020-03-08,14:12:00,2020-03-08,16:03:00,화천,하남,0.7
2020-03-08,13:30:00,2020-03-08,18:00:00,홍천,화촌,0.05
2020-02-24,12:58:00,2020-02-24,15:15:00,춘천,남산,0.1
2020-01-04,14:49:00,2020-01-04,15:40:00,정선,신동,0.04
2020-01-04,13:54:00,2020-01-05,17:10:00,춘천,신북,7.0
2020-01-03,12:22:00,2020-01-03,16:00:00,춘천,서,0.7
2020-01-01,13:00:00,2020-01-01,13:35:00,강릉,성산,0.02
2020-02-09,18:48:00,2020-02-09,20:04:00,원주,신림,0.4
2020-02-08,12:02:00,2020-02-08,12:22:00,강릉,,0.03
2020-02-08,07:05:00,2020-02-08,07:54:00,춘천,남산,0.03
2020-01-31,13:20:00,2020-01-31,15:00:00,홍천,서석,0.01
2020-01-23,12:58:00,2020-01-23,13:54:00,횡성,우천,0.1
2020-01-15,13:46:00,2020-01-15,14:30:00,양양,양양,0.02
2020-03-21,15:36:00,2020-03-21,16:00:00,횡성,갑천,0.05
2020-03-19,12:38:00,2020-03-19,14:26:00,원주,지정,2.2
2020-03-19,07:11:00,2020-03-19,10:30:00,원주,흥업,0.7
2021-06-08,14:52:00,2021-06-08,17:00:00,홍천,내촌,0.04
2021-06-07,15:13:00,2021-06-07,17:00:00,강릉,주문진,0.01
2021-06-07,15:13:00,2021-06-07,16:00:00,강릉,주문진,0.01
2021-05-14,11:53:00,2021-05-14,14:00:00,횡성,안흥,0.1
2021-05-13,15:35:00,2021-05-13,20:10:00,태백,,1.2
2021-05-09,17:49:00,2021-05-09,19:10:00,철원,철원,0.01
2021-05-09,13:43:00,2021-05-09,14:50:00,철원,철원,0.03
2021-05-09,13:16:00,2021-05-09,14:30:00,홍천,남,0.2
2021-05-08,12:12:00,2021-05-08,16:00:00,횡성,안흥,0.01
2021-05-07,11:05:00,2021-05-07,13:30:00,삼척,도계,0.2
2021-05-06,21:06:00,2021-05-07,01:00:00,삼척,원덕,0.01
2021-05-06,17:30:00,2021-05-06,18:30:00,인제,서화,0.1
2021-04-29,21:15:00,2021-04-30,02:00:00,삼척,가곡,0.01
2021-04-29,13:34:00,2021-04-29,15:24:00,영월,영월,0.01
2021-04-27,13:30:00,2021-04-27,15:30:00,인제,인제,0.17
2021-04-25,14:32:00,2021-04-25,17:42:00,원주,신림,1.5
2021-04-25,12:25:00,2021-04-25,13:35:00,평창,봉평,0.09
2021-04-22,13:29:00,2021-04-22,13:57:00,철원,동송,0.02
2021-04-21,12:22:00,2021-04-21,14:10:00,평창,대관령,1.0
2021-03-23,15:52:00,2021-03-24,11:00:00,홍천,화촌,20.0
2021-03-11,14:40:00,2021-03-11,18:00:00,영월,김삿갓,0.5
2021-02-26,13:33:00,2021-02-26,16:00:00,홍천,북방,0.1
2021-02-22,14:14:00,2021-02-22,16:06:00,화천,간동,0.1
2021-02-20,15:50:00,2021-02-22,03:00:00,정선,여량,12.0
2021-02-20,13:13:00,2021-02-20,19:00:00,화천,상사,0.5
2021-02-18,22:30:00,2021-02-19,10:00:00,양양,양양,6.5
2021-02-18,14:56:00,2021-02-18,18:00:00,강릉,성산,0.4
2021-02-16,14:34:00,2021-02-16,19:20:00,강릉,옥계,1.0
2021-02-10,14:12:00,2021-02-10,15:30:00,홍천,동,0.01
2021-02-09,13:19:00,2021-02-09,23:00:00,삼척,신기,1.0
2021-04-20,15:22:00,2021-04-20,18:00:00,홍천,남,0.3
2021-04-19,17:06:00,2021-04-19,21:00:00,횡성,공근,1.5
2021-04-17,12:04:00,2021-04-17,13:15:00,평창,진부,0.01
2021-04-17,09:33:00,2021-04-17,10:30:00,홍천,동,0.01
2021-03-31,15:56:00,2021-04-01,11:00:00,양구,양구,0.5
2021-03-31,15:38:00,2021-04-01,12:54:00,정선,신동,10.7
2021-03-30,14:11:00,2021-03-30,21:30:00,삼척,가곡,0.5
2021-12-29,04:16:00,2021-12-29,12:00:00,춘천,사북,1.5
2021-12-19,15:31:00,2021-12-19,16:20:00,강릉,사천,0.01
2021-11-29,13:45:00,2021-11-29,15:40:00,횡성,강림,0.25
2021-11-14,21:55:00,2021-11-15,03:00:00,양양,서,0.5
2021-08-10,14:45:00,2021-08-10,16:24:00,춘천,사북,0.01
2021-07-31,14:16:00,2021-07-31,18:38:00,정선,임계,0.1
2021-02-05,14:19:00,2021-02-05,19:11:00,정선,북평,1.5
2021-01-24,17:47:00,2021-01-24,21:00:00,홍천,홍천,0.7
2021-01-20,14:46:00,2021-01-20,16:30:00,횡성,공근,0.15
2021-01-17,15:38:00,2021-01-17,19:00:00,동해,,1.0
2021-01-15,15:39:00,2021-01-16,11:30:00,인제,인제,0.02
2021-01-12,11:44:00,2021-01-12,17:00:00,홍천,동,0.15
2022-03-29,11:57:00,2022-03-29,16:00:00,삼척,가곡,0.1
2022-03-12,14:09:00,2022-03-12,00:00:00,홍천,서석,6.0
2022-03-12,11:34:00,2022-03-12,15:00:00,춘천,동산,0.05
2022-03-08,14:19:00,2022-03-08,17:35:00,홍천,북방,1.1
2022-03-05,01:08:00,2022-03-11,13:00:00,강릉,옥계,4190.38
2022-03-04,22:19:00,2022-03-05,21:00:00,강릉,성산,20.0
2022-03-04,12:45:00,2022-03-11,17:00:00,영월,김삿갓,184.01
2022-02-26,16:39:00,2022-02-27,10:55:00,인제,기린,5.0
2022-02-26,07:58:00,2022-02-26,09:20:00,횡성,서원,0.02
2022-02-24,17:55:00,2022-02-24,20:15:00,화천,하남,1.4
2022-02-24,16:56:00,2022-02-24,18:10:00,강릉,사천,0.09
2022-02-24,15:35:00,2022-02-25,14:30:00,평창,방림,5.0
2022-02-24,13:58:00,2022-02-24,15:47:00,홍천,두촌,0.6
2022-02-23,13:17:00,2022-02-23,14:30:00,평창,진부,0.04
2022-02-22,14:32:00,2022-02-22,23:00:00,동해,,6.1
2022-02-21,15:36:00,2022-02-21,17:40:00,원주,판부,0.1
2022-02-19,08:45:00,2022-02-19,12:30:00,원주,,0.2
2022-12-25,21:07:00,2022-12-25,22:47:00,강릉,왕산,0.03
2022-12-17,21:04:00,2022-12-18,02:10:00,고성,죽왕,0.3
2022-12-14,04:49:00,2022-12-14,14:00:00,삼척,근덕,3.0
2022-12-05,13:32:00,2022-12-05,14:40:00,강릉,주문진,0.02
2022-12-04,21:03:00,2022-12-04,22:16:00,고성,거진,0.9
2022-11-27,11:44:00,2022-11-27,12:45:00,평창,용평,0.04
2022-11-27,10:50:00,2022-11-27,11:50:00,양양,현북,0.01
2022-11-25,23:43:00,2022-11-26,04:31:00,강릉,,1.0
2022-10-22,10:20:00,2022-10-22,15:19:00,정선,임계,0.1
2022-10-02,12:38:00,2022-10-02,14:40:00,삼척,원덕,0.04
2022-10-01,11:47:00,2022-10-01,14:11:00,양양,서,0.01
2022-09-24,15:23:00,2022-09-24,20:00:00,원주,소초,0.01
2022-09-22,14:48:00,2022-09-22,17:42:00,홍천,두촌,0.12
2022-06-20,13:25:00,2022-06-20,15:00:00,횡성,안흥,0.01
2022-06-04,11:16:00,2022-06-04,12:23:00,강릉,왕산,0.06
2022-06-02,07:36:00,2022-06-02,15:35:00,정선,남,0.2
2022-05-26,08:40:00,2022-05-26,10:00:00,강릉,,0.02
2022-05-25,15:00:00,2022-05-25,17:17:00,인제,기린,0.21
2022-05-24,22:02:00,2022-05-25,00:30:00,정선,여량,0.1
2022-05-21,17:18:00,2022-05-21,20:30:00,원주,신림,0.01
2022-05-20,11:01:00,2022-05-20,18:28:00,정선,임계,2.0
2022-05-18,22:55:00,2022-05-19,12:00:00,삼척,하장,1.5
2022-05-18,19:41:00,2022-05-18,22:00:00,철원,갈말,0.15
2022-05-18,04:43:00,2022-05-18,10:20:00,원주,소초,0.2
2022-05-17,09:28:00,2022-05-17,12:00:00,횡성,갑천,0.03
2022-05-15,17:36:00,2022-05-15,19:00:00,홍천,두촌,0.18
2022-05-12,13:00:00,2022-05-12,16:00:00,횡성,안흥,0.15
2022-05-09,11:43:00,2022-05-09,13:10:00,평창,대관령,0.05
2022-05-03,16:16:00,2022-05-03,18:10:00,태백,,0.1
2022-04-25,16:57:00,2022-04-25,19:00:00,영월,북,0.05
2022-04-24,22:40:00,2022-04-24,23:20:00,강릉,,0.06
2022-04-24,14:23:00,2022-04-24,16:00:00,횡성,둔내,0.02
2022-04-24,09:38:00,2022-04-24,09:59:00,강릉,주문진,0.01
2022-04-22,21:53:00,2022-04-23,03:00:00,춘천,서,0.6
2022-04-22,13:33:00,2022-04-23,11:30:00,양양,현북,69.21
2022-04-21,14:58:00,2022-04-21,18:30:00,춘천,북산,1.5
2022-04-21,11:06:00,2022-04-21,11:47:00,양구,양구,0.01
2022-04-20,13:00:00,2022-04-20,20:00:00,영월,북,9.7
2022-04-17,12:31:00,2022-04-17,14:30:00,인제,남,0.2
2022-04-15,17:49:00,2022-04-15,20:00:00,춘천,남산,0.02
2022-04-12,15:14:00,2022-04-12,17:20:00,홍천,서,0.3
2022-04-11,11:21:00,2022-04-11,21:11:00,정선,남,3.5
2022-04-10,15:40:00,2022-04-12,21:30:00,양구,양구,720.0
2022-04-10,13:09:00,2022-04-10,16:30:00,화천,상서,2.0
2022-04-10,12:47:00,2022-04-10,14:20:00,고성,토성,0.2
2022-04-10,12:41:00,2022-04-11,17:00:00,인제,북,3.0
2022-04-04,12:37:00,2022-04-04,16:00:00,강릉,왕산,0.3
2022-01-31,14:10:00,2022-01-31,17:40:00,춘천,남,0.2
2022-01-30,06:21:00,2022-01-30,11:00:00,춘천,남,0.1
2022-01-19,08:34:00,2022-01-19,10:00:00,인제,기린,0.2
2022-01-14,18:53:00,2022-01-14,23:03:00,정선,귤암,0.3
2022-01-12,14:05:00,2022-01-12,15:40:00,평창,진부,0.15
2022-01-10,10:19:00,2022-01-10,11:30:00,평창,진부,0.01
2022-01-04,10:36:00,2022-01-04,13:30:00,춘천,동,0.2
2022-01-03,12:02:00,2022-01-03,14:56:00,인제,남,0.8
2022-02-14,15:10:00,2022-02-14,17:20:00,원주,,0.4
2022-02-13,09:25:00,2022-02-13,11:00:00,화천,사내,0.04
2022-02-12,15:18:00,2022-02-12,17:10:00,평창,대관령,0.1
2022-02-11,16:53:00,2022-02-11,17:40:00,양양,양양,0.1
2022-02-09,11:17:00,2022-02-09,12:50:00,춘천,신북,0.05
2022-02-04,14:03:00,2022-02-04,16:00:00,정선,화암,0.1
2023-11-02,16:32:00,2023-11-03,17:00:00,양구,국토정중앙,3.9
2023-05-04,15:38:00,2023-05-04,18:38:00,정선,화암,1.0
2023-05-27,12:28:00,2023-05-27,13:33:00,정선,정선,0.04
2023-05-10,12:01:00,2023-05-10,14:30:00,화천,사내,0.1
2023-04-09,14:15:00,2023-04-09,16:30:00,평창,미탄,0.5
2023-12-04,13:39:00,2023-12-04,15:14:00,양양,현남,0.26
2023-12-02,11:39:00,2023-12-02,12:59:00,홍천,남,0.02
2023-12-01,14:22:00,2023-12-01,15:30:00,양양,현남,0.01
2023-11-21,14:22:00,2023-11-21,15:30:00,양구,국토정중앙,0.03
2023-11-18,18:39:00,2023-11-18,19:08:00,고성,죽왕,0.1
2023-11-09,15:41:00,2023-11-09,16:31:00,홍천,북방,0.07
2023-11-09,11:15:00,2023-11-09,17:00:00,인제,북하,0.2
2023-03-14,13:37:00,2023-03-14,14:30:00,홍천,영귀미,0.16
2023-03-03,08:10:00,2023-03-03,09:10:00,정선,임계,0.03
2023-02-27,13:00:00,2023-02-27,14:07:00,고성,현내,0.1
2023-02-23,12:14:00,2023-02-23,16:00:00,삼척,노곡,0.2
2023-05-23,16:52:00,2023-05-23,20:00:00,횡성,서원,0.8
2023-05-17,11:10:00,2023-05-17,13:00:00,평창,대화,0.3
2023-04-16,13:54:00,2023-04-16,15:52:00,정선,신동,0.01
2023-04-03,13:07:00,2023-04-03,15:20:00,영월,김삿갓,0.5
2023-04-02,15:24:00,2023-04-02,18:05:00,철원,동송,0.7
2023-04-02,15:03:00,2023-04-02,19:00:00,원주,지정,1.0
2023-03-27,14:56:00,2023-03-27,17:15:00,철원,서,0.5
2023-01-31,11:41:00,2023-01-31,12:34:00,동해,,0.02
2023-01-21,13:00:00,2023-01-21,13:40:00,원주,,0.01
2023-01-11,11:45:00,2023-01-11,13:30:00,삼척,미로,0.1
2023-04-01,13:44:00,2023-04-01,15:40:00,춘천,사북,0.26
2023-05-26,22:16:00,2023-05-27,09:00:00,평창,대화,2.0
2023-05-26,15:07:00,2023-05-26,16:20:00,원주,소초,0.05
2023-04-11,08:30:00,2023-04-14,14:00:00,강릉,,119.92
2023-03-26,14:52:00,2023-03-26,17:30:00,홍천,영귀미,1.2
2023-03-24,18:12:00,2023-03-24,20:10:00,춘천,남산,0.2
2023-03-22,17:15:00,2023-03-22,19:00:00,화천,간동,0.05
2023-03-22,12:16:00,2023-03-22,19:00:00,양구,국토정중앙,0.5
2023-03-18,16:38:00,2023-03-19,16:30:00,평창,진부,15.0
2023-03-18,15:45:00,2023-03-19,09:10:00,정선,화암,0.8
2023-02-22,12:26:00,2023-02-22,14:00:00,삼척,도계,0.1
2023-01-09,13:39:00,2023-01-09,15:20:00,강릉,성산,0.06
2023-05-03,16:28:00,2023-05-03,17:50:00,영월,한반도,0.2
2023-05-03,13:55:00,2023-05-03,19:10:00,영월,김삿갓,1.4
2023-05-03,12:27:00,2023-05-03,20:00:00,양구,국토정중앙,2.0
2023-06-19,14:45:00,2023-06-19,16:50:00,춘천,남산,0.06
2023-04-23,09:47:00,2023-04-23,11:30:00,원주,소초,0.1
2023-06-18,12:37:00,2023-06-18,13:39:00,양양,현남,0.05
2023-03-29,16:00:00,2023-03-29,17:45:00,평창,진부,0.3
2023-09-08,15:07:00,2023-09-08,17:17:00,삼척,하장,0.03
2023-03-31,15:45:00,2023-03-31,19:00:00,홍천,두촌,0.8
2023-03-31,14:46:00,2023-03-31,20:00:00,원주,,1.0
2023-03-06,16:29:00,2023-03-06,17:10:00,고성,죽왕,0.01
2023-03-06,13:08:00,2023-03-06,14:35:00,횡성,서원,0.15
2023-02-26,11:44:00,2023-02-26,14:30:00,홍천,서석,0.2
2023-02-28,20:09:00,2023-02-28,21:50:00,평창,미탄,0.2
2023-02-28,19:27:00,2023-02-28,22:33:00,평창,봉평,0.03
2023-03-11,12:42:00,2023-03-11,14:30:00,홍천,서,0.15
2023-03-30,16:07:00,2023-03-30,19:00:00,횡성,청일,0.7
2023-03-30,14:32:00,2023-03-30,15:50:00,평창,진부,0.02
2023-03-30,12:47:00,2023-04-01,15:00:00,화천,화천,68.0
2023-03-30,12:00:00,2023-03-30,12:58:00,강릉,연곡,0.4
2023-03-28,14:45:00,2023-03-28,15:44:00,철원,갈말,0.01
2023-03-16,21:05:00,2023-03-16,22:05:00,영월,남,0.05
2023-03-21,16:26:00,2023-03-22,01:00:00,고성,간성,0.01
2023-03-21,15:17:00,2023-03-21,18:00:00,원주,소초,0.5
2023-03-21,14:27:00,2023-03-21,18:10:00,양구,방산,0.3
2024-06-20,14:44:00,2024-06-20,16:05:00,정선,남면,0.06
2024-06-18,13:57:00,2024-06-18,17:00:00,평창,진부,0.17
2024-04-14,15:57:00,2024-04-14,19:00:00,홍천,내촌,0.4
2024-03-15,15:24:00,2024-03-15,16:00:00,정선,정선,0.2
2024-06-14,12:03:00,2024-06-15,11:45:00,태백,,3.85
2024-05-24,16:36:00,2024-05-24,19:10:00,삼척,원덕,0.02
2024-04-12,14:33:00,2024-04-12,16:10:00,삼척,하장,0.06
2024-04-12,13:14:00,2024-04-12,19:30:00,양구,국토정중앙,2.0
2024-04-12,12:52:00,2024-04-12,13:45:00,횡성,우천,0.1
2024-04-13,16:55:00,2024-04-13,18:40:00,횡성,우천,1.0
2024-06-19,01:02:00,2024-06-19,18:00:00,삼척,도계,0.2
2024-03-28,10:30:00,2024-03-28,11:55:00,인제,북,0.01
2024-04-19,13:49:00,2024-04-19,17:00:00,영월,무릉도원,0.2
2024-04-01,13:07:00,2024-04-01,14:10:00,삼척,도계,0.1
2024-04-07,14:16:00,2024-04-07,15:30:00,양양,강현,0.03
2024-04-07,12:23:00,2024-04-07,13:46:00,횡성,횡성,0.05
2024-04-07,11:45:00,2024-04-07,16:13:00,동해,,0.68
2024-04-07,11:24:00,2024-04-07,12:30:00,철원,갈말,0.2
2024-04-07,10:18:00,2024-04-07,11:21:00,삼척,원덕,0.02
2024-04-07,09:26:00,2024-04-07,10:30:00,철원,갈말,0.1
2024-04-02,15:23:00,2024-04-02,19:30:00,홍천,서,1.5
2024-04-27,11:00:00,2024-04-27,12:50:00,철원,갈말,0.8
2024-05-04,10:33:00,2024-05-04,18:45:00,홍천,내촌,0.5
2024-11-07,11:06:00,2024-11-07,13:21:00,고성,현내,0.2
2024-12-29,14:10:00,2024-12-29,15:00:00,강릉,,0.01
2024-12-28,09:26:00,2024-12-28,12:00:00,양양,현북,0.2
2024-12-18,13:52:00,2024-12-18,15:50:00,춘천,동,0.23
2024-12-14,15:32:00,2024-12-14,20:00:00,인제,기린,2.08
2024-12-23,06:48:00,2024-12-23,08:25:00,고성,거진,0.16
2024-08-13,13:40:00,2024-08-13,14:52:00,삼척,원덕,0.01
