fire_start_datetime,start_time,fire_end_datetime,end_time,corrected_address,damage_area,latitude,longitude
2011-12-28,03:20:00,2011-12-28,08:30:00,강원도 홍천군 홍천읍,0.1,37.68943404802,127.884306327398
2011-11-20,21:54:00,2011-11-21,00:43:00,강원도 인제군 인제읍,0.3,38.0703902211485,128.172217558963
2011-11-01,15:23:00,2011-11-02,10:30:00,강원도 화천군 화천읍,3.0,38.1042562811837,127.707178844679
2011-10-17,15:05:00,2011-10-17,16:30:00,강원도 인제군 인제읍,0.01,38.0703902211485,128.172217558963
2011-10-13,15:54:00,2011-10-13,17:50:00,강원도 춘천시 사북면,0.1,38.0298510072252,127.640812477483
2011-10-07,14:46:00,2011-10-07,16:28:00,강원도 홍천군 남면,0.01,37.6181202912817,127.767631386937
2011-10-06,18:13:00,2011-10-06,23:30:00,강원도 화천군 화천읍,0.3,38.1042562811837,127.707178844679
2011-06-15,13:15:00,2011-06-15,14:45:00,강원도 춘천시 동산면,0.1,37.7523096450281,127.796298351078
2011-06-12,14:25:00,2011-06-12,18:30:00,강원도 삼척시 마평동,0.1,37.4291642051978,129.133589649628
2011-05-15,14:50:00,2011-05-15,18:55:00,강원도 철원군 동송읍,0.1,38.2072165163278,127.208191410563
2011-04-20,14:15:00,2011-04-20,15:10:00,강원도 횡성군 청일면,0.6,37.5837464013969,128.150414957403
2011-04-17,12:40:00,2011-04-17,14:20:00,강원도 인제군 남면,0.3,37.9659219985446,128.08336017963
2011-04-16,18:25:00,2011-04-16,19:30:00,강원도 춘천시 남산면,0.1,37.79186457822,127.646194579037
2011-04-13,23:40:00,2011-04-14,02:30:00,강원도 춘천시 신동면,0.5,37.8176963056334,127.716024811844
2011-04-13,16:50:00,2011-04-13,17:50:00,강원도 영월군 무릉도원면,0.15,37.2883503881401,128.268649175287
2011-04-13,16:05:00,2011-04-13,17:10:00,강원도 삼척시 도계읍,0.2,37.2364370242581,129.045174522503
2011-04-10,12:19:00,2011-04-10,13:08:00,강원도 화천군 하남면,0.1,38.0576735877991,127.668191116312
2011-04-09,12:55:00,2011-04-09,13:40:00,강원도 양구군 국토정중앙면,0.03,38.1084781281203,128.034570007438
2011-04-09,12:30:00,2011-04-09,12:57:00,강원도 양구군 동면,0.04,38.2023166396046,128.04349997028
2011-04-06,16:27:00,2011-04-06,17:00:00,강원도 강릉시 왕산면,0.1,37.6726837387208,128.837804434963
2011-04-06,14:50:00,2011-04-06,16:00:00,강원도 철원군 철원읍,0.2,38.2159947520532,127.214250148342
2011-04-05,11:08:00,2011-04-05,11:40:00,강원도 춘천시 남면,0.1,37.7321563694312,127.599895449274
2011-04-01,14:15:00,2011-04-01,16:45:00,강원도 삼척시 노곡면,0.5,37.3477672516229,129.164074412158
2011-04-01,10:50:00,2011-04-01,13:30:00,강원도 정선군 정선읍,0.3,37.3797685014938,128.661694256573
2011-03-24,13:00:00,2011-03-24,14:15:00,강원도 화천군 화천읍,0.7,38.1042562811837,127.707178844679
2011-03-18,12:00:00,2011-03-18,12:50:00,강원도 홍천군 홍천읍,0.2,37.68943404802,127.884306327398
2011-03-14,19:40:00,2011-03-14,21:00:00,강원도 영월군 영월읍,0.1,37.1874352109429,128.466067893114
2011-03-11,13:43:00,2011-03-11,14:55:00,강원도 횡성군 우천면,0.1,37.4594058323665,128.06243796948
2011-03-09,17:20:00,2011-03-09,18:30:00,강원도 춘천시 북산면,0.3,37.9873330402956,127.885966945811
2011-03-09,13:15:00,2011-03-09,17:50:00,강원도 영월군 영월읍,2.0,37.1874352109429,128.466067893114
2011-02-26,16:50:00,2011-02-26,17:15:00,강원도 원주시 태장동,0.03,37.3552337842644,127.955206525576
2011-02-12,07:30:00,2011-02-12,08:20:00,강원도 원주시 귀래면,0.3,37.1697663767707,127.884667844212
2011-02-11,17:50:00,2011-02-11,20:20:00,강원도 홍천군 내촌면,0.3,37.8163476368407,128.086739600183
2011-02-01,21:15:00,2011-02-01,22:38:00,강원도 강릉시 대전동,0.2,37.7943429825133,128.85475999806
2011-01-31,21:31:00,2011-02-01,08:10:00,강원도 양양군 강현면,3.5,38.1499826978456,128.607652116524
2011-01-31,18:14:00,2011-02-01,10:30:00,강원도 양양군 현남면,30.0,37.9692314024179,128.759480350041
2011-01-22,23:46:00,2011-01-23,00:10:00,강원도 강릉시 죽헌동,0.3,37.7807578788175,128.855242116767
2012-12-26,12:30:00,2012-12-26,17:30:00,강원도 삼척시 가곡면,0.2,37.1497538953609,129.205212030994
2012-11-27,12:30:00,2012-11-27,13:20:00,강원도 춘천시 신동,0.01,37.9375079883167,127.724479543249
2012-10-21,13:12:00,2012-10-21,15:05:00,강원도 원주시 문막읍,0.03,37.3126265706472,127.817203298785
2012-10-14,14:28:00,2012-10-14,15:15:00,강원도 속초시 설악동,0.01,38.1664614434463,128.467814979983
2012-06-29,06:00:00,2012-06-29,09:35:00,강원도 원주시 부론면,0.2,37.2076020452332,127.750494148523
2012-06-22,13:00:00,2012-06-22,16:30:00,강원도 횡성군 서원면,0.7,37.4870801187572,127.850550659118
2012-06-21,13:52:00,2012-06-21,19:20:00,강원도 홍천군 북방면,0.08,37.705563256545,127.853191045521
2012-06-19,11:17:00,2012-06-19,15:30:00,강원도 춘천시 남면,0.1,37.7321563694312,127.599895449274
2012-06-14,21:30:00,2012-06-15,03:00:00,강원도 춘천시 동면,0.05,37.910341608957,127.781091988381
2012-05-30,09:10:00,2012-05-30,09:50:00,강원도 양구군 양구읍,0.01,38.1080405251365,127.990430398263
2012-05-30,08:00:00,2012-05-30,14:05:00,강원도 홍천군 영귀미면,0.1,37.6780725461921,127.935063630646
2012-05-30,05:30:00,2012-05-30,17:30:00,강원도 홍천군 화촌면,0.1,37.7710054077675,127.966895174076
2012-05-29,11:28:00,2012-05-29,13:35:00,강원도 원주시 부론면,0.01,37.2076020452332,127.750494148523
2012-05-28,17:19:00,2012-05-28,20:10:00,강원도 홍천군 화촌면,0.1,37.7710054077675,127.966895174076
2012-05-28,13:17:00,2012-05-28,15:10:00,강원도 횡성군 갑천면,0.01,37.5609554668992,128.11019928627
2012-05-28,12:18:00,2012-05-28,15:40:00,강원도 정선군 여량면,0.01,37.4706040304876,128.720500019347
2012-05-28,10:32:00,2012-05-28,12:50:00,강원도 홍천군 영귀미면,0.07,37.6780725461921,127.935063630646
2012-05-27,17:50:00,2012-05-27,19:20:00,강원도 삼척시 미로면,0.01,37.4175439757334,129.112486953361
2012-05-27,16:10:00,2012-05-27,18:40:00,강원도 홍천군 화촌면,0.01,37.7710054077675,127.966895174076
2012-05-27,14:24:00,2012-05-27,16:20:00,강원도 영월군 남면,0.1,37.1865451028246,128.404493044827
2012-05-26,15:31:00,2012-05-26,17:20:00,강원도 평창군 미탄면,0.2,37.3420792035649,128.495781431646
2012-05-23,05:40:00,2012-05-23,08:40:00,강원도 화천군 상서면,0.04,38.1578310622547,127.654248763255
2012-05-07,15:38:00,2012-05-07,17:40:00,강원도 평창군 봉평면,0.1,37.6161929793163,128.379492494281
2012-05-07,14:54:00,2012-05-07,16:15:00,강원도 철원군 갈말읍,0.05,38.1477243520665,127.30830034891
2012-05-06,14:42:00,2012-05-06,17:09:00,강원도 홍천군 화촌면,0.01,37.7710054077675,127.966895174076
2012-05-06,13:53:00,2012-05-06,14:45:00,강원도 원주시 호저면,0.05,37.4110343612581,127.925706853576
2012-05-06,12:54:00,2012-05-06,16:20:00,강원도 화천군 화천읍,0.1,38.1042562811837,127.707178844679
2012-05-01,14:10:00,2012-05-01,16:30:00,강원도 삼척시 가곡면,0.12,37.1497538953609,129.205212030994
2012-04-30,10:15:00,2012-04-30,11:55:00,강원도 춘천시 동산면,0.01,37.7523096450281,127.796298351078
2012-04-24,14:33:00,2012-04-24,15:20:00,강원도 동해시 귀운동,0.01,37.4701937850113,129.088967292236
2012-04-20,17:50:00,2012-04-20,18:40:00,강원도 영월군 주천면,0.05,37.2721876092467,128.268910017243
2012-04-19,15:00:00,2012-04-19,18:40:00,강원도 횡성군 청일면,1.5,37.5837464013969,128.150414957403
2012-04-19,14:16:00,2012-04-19,23:00:00,강원도 홍천군 화촌면,6.0,37.7710054077675,127.966895174076
2012-04-18,16:09:00,2012-04-18,17:26:00,강원도 철원군 갈말읍,0.15,38.1477243520665,127.30830034891
2012-04-17,15:20:00,2012-04-17,16:15:00,강원도 영월군 북면,0.1,37.2544645252444,128.455193189019
2012-04-15,20:17:00,2012-04-15,21:50:00,강원도 삼척시 도계읍,0.03,37.2364370242581,129.045174522503
2012-04-15,15:20:00,2012-04-15,16:40:00,강원도 평창군 진부면,0.12,37.6373898432815,128.553137969179
2012-04-09,16:29:00,2012-04-09,18:20:00,강원도 춘천시 동면,0.02,37.910341608957,127.781091988381
2012-03-30,17:26:00,2012-03-30,19:00:00,강원도 양구군 양구읍,0.1,38.1080405251365,127.990430398263
2012-03-12,15:15:00,2012-03-12,16:40:00,강원도 횡성군 갑천면,0.1,37.5609554668992,128.11019928627
2012-02-28,14:40:00,2012-02-28,14:40:00,강원도 양구군 동면,0.06,38.2023166396046,128.04349997028
2012-02-16,14:05:00,2012-02-16,15:15:00,강원도 원주시 소초면,0.1,37.4179628767007,128.002389352861
2012-02-05,16:28:00,2012-02-05,16:49:00,강원도 고성군 거진읍,0.2,38.4361391562227,128.452553768285
2012-01-11,15:15:00,2012-01-11,16:50:00,강원도 홍천군 홍천읍,0.03,37.68943404802,127.884306327398
2013-12-06,14:06:00,2013-12-06,14:45:00,강원도 양양군 현북면,0.01,38.0190056461486,128.723115872388
2013-12-01,21:40:00,2013-12-01,22:40:00,강원도 강릉시 성산면,0.03,37.7187235115627,128.832100896917
2013-11-22,22:17:00,2013-11-23,02:30:00,강원도 태백시 하사미동,0.05,37.3106260597335,128.985358109029
2013-11-08,21:31:00,2013-11-08,21:51:00,강원도 양양군 양양읍,0.01,38.0806715229116,128.624012188104
2013-10-29,14:30:00,2013-10-29,16:54:00,강원도 춘천시 사북면,0.05,38.0298510072252,127.640812477483
2013-08-14,17:55:00,2013-08-15,07:15:00,강원도 삼척시 노곡면,0.3,37.3477672516229,129.164074412158
2013-08-11,16:22:00,2013-08-12,08:38:00,강원도 삼척시 가곡면,0.5,37.1497538953609,129.205212030994
2013-06-11,15:55:00,2013-06-11,19:20:00,강원도 양구군 국토정중앙면,0.01,38.1084781281203,128.034570007438
2013-06-07,03:02:00,2013-06-07,04:30:00,강원도 춘천시 동면,0.02,37.910341608957,127.781091988381
2013-05-17,22:30:00,2013-05-18,00:30:00,강원도 춘천시 서면,0.02,37.8986923448081,127.692791905634
2013-05-16,11:16:00,2013-05-16,12:10:00,강원도 홍천군 남면,0.05,37.6181202912817,127.767631386937
2013-05-14,08:43:00,2013-05-14,10:33:00,강원도 화천군 화천읍,0.02,38.1042562811837,127.707178844679
2013-05-12,14:00:00,2013-05-12,15:30:00,강원도 삼척시 미로면,0.1,37.4175439757334,129.112486953361
2013-05-08,12:35:00,2013-05-08,14:40:00,강원도 횡성군 강림면,0.2,37.3602310480308,128.125412513164
2013-05-08,11:10:00,2013-05-08,12:40:00,강원도 속초시 설악동,0.01,38.1664614434463,128.467814979983
2013-05-06,14:50:00,2013-05-06,16:19:00,강원도 춘천시 동면,0.1,37.910341608957,127.781091988381
2013-05-06,01:27:00,2013-05-06,04:30:00,강원도 춘천시 동면,0.5,37.910341608957,127.781091988381
2013-04-01,14:20:00,2013-04-01,15:10:00,강원도 춘천시 동면,0.01,37.910341608957,127.781091988381
2013-03-28,02:20:00,2013-03-28,02:55:00,강원도 강릉시 교동,0.02,37.7655714454507,128.874476030758
2013-03-27,16:02:00,2013-03-27,18:40:00,강원도 홍천군 홍천읍,0.1,37.68943404802,127.884306327398
2013-03-27,14:37:00,2013-03-27,18:30:00,강원도 춘천시 남산면,4.0,37.79186457822,127.646194579037
2013-03-23,14:38:00,2013-03-23,15:40:00,강원도 원주시 지정면,0.1,37.3621506214657,127.840189486855
2013-03-16,10:55:00,2013-03-16,12:51:00,강원도 양양군 강현면,0.2,38.1499826978456,128.607652116524
2013-03-04,12:27:00,2013-03-04,14:00:00,강원도 삼척시 근덕면,0.2,37.3792784455933,129.225825562476
2013-02-28,12:10:00,2013-02-28,13:00:00,강원도 삼척시 원덕읍,0.02,37.1764583972782,129.335713745385
2013-01-12,16:40:00,2013-01-12,18:50:00,강원도 양양군 강현면,0.1,38.1499826978456,128.607652116524
2013-03-11,12:50:00,2013-03-11,13:30:00,강원도 양구군 양구읍,0.1,38.1080405251365,127.990430398263
2013-03-09,13:15:00,2013-03-09,14:20:00,강원도 춘천시 북산면,0.3,37.9873330402956,127.885966945811
2013-03-08,12:13:00,2013-03-08,14:30:00,강원도 양양군 현남면,1.0,37.9692314024179,128.759480350041
2013-03-06,15:10:00,2013-03-06,17:10:00,강원도 춘천시 남산면,0.05,37.79186457822,127.646194579037
2013-05-04,12:33:00,2013-05-04,13:30:00,강원도 홍천군 홍천읍,0.1,37.68943404802,127.884306327398
2013-04-30,12:05:00,2013-04-30,15:30:00,강원도 삼척시 신기면,0.8,37.3496092010973,129.083182759223
2013-04-29,09:25:00,2013-04-29,10:20:00,강원도 태백시 철암동,0.07,37.1172794336425,129.03979919636
2013-04-27,11:45:00,2013-04-27,13:30:00,강원도 양양군 현남면,0.3,37.9692314024179,128.759480350041
2013-04-19,11:09:00,2013-04-19,11:50:00,강원도 홍천군 남면,0.1,37.6181202912817,127.767631386937
2013-04-18,18:40:00,2013-04-19,07:30:00,강원도 홍천군 서면,0.1,37.6885985446756,127.664103886782
2014-12-22,10:26:00,2014-12-22,11:30:00,강원도 양양군 현북면,0.05,38.0190056461486,128.723115872388
2014-11-23,08:34:00,2014-11-23,10:30:00,강원도 양양군 서면,1.0,38.0715261451956,128.585234510802
2014-11-11,11:33:00,2014-11-11,12:15:00,강원도 양구군 양구읍,0.05,38.1080405251365,127.990430398263
2014-11-09,13:20:00,2014-11-09,16:50:00,강원도 홍천군 내촌면,0.01,37.8163476368407,128.086739600183
2014-10-30,14:43:00,2014-10-30,18:20:00,강원도 평창군 대화면,0.5,37.5009465792778,128.458050807458
2014-10-29,13:30:00,2014-10-29,16:10:00,강원도 인제군 기린면,0.7,37.9556038449986,128.319189529764
2014-10-28,11:57:00,2014-10-28,13:30:00,강원도 홍천군 두촌면,0.02,37.8686986720293,128.018956858672
2014-09-20,13:56:00,2014-09-20,18:40:00,강원도 화천군 화천읍,0.25,38.1042562811837,127.707178844679
2014-07-20,18:05:00,2014-07-20,20:00:00,강원도 춘천시 칠전동,0.01,37.8442904881827,127.699485601048
2014-06-19,15:00:00,2014-06-19,18:00:00,강원도 인제군 남면,0.04,37.9659219985446,128.08336017963
2014-06-15,14:10:00,2014-06-15,17:20:00,강원도 인제군 인제읍,0.05,38.0703902211485,128.172217558963
2014-06-10,17:18:00,2014-06-10,20:00:00,강원도 원주시 흥업면,0.01,37.3025500299786,127.921181194086
2014-06-01,21:45:00,2014-06-02,01:50:00,강원도 횡성군 갑천면,0.1,37.5609554668992,128.11019928627
2014-05-31,17:02:00,2014-05-31,19:04:00,강원도 평창군 미탄면,0.5,37.3420792035649,128.495781431646
2014-05-30,10:00:00,2014-05-30,14:00:00,강원도 삼척시 도계읍,0.5,37.2364370242581,129.045174522503
2014-05-28,15:40:00,2014-05-28,19:05:00,강원도 양구군 국토정중앙면,0.1,38.1084781281203,128.034570007438
2014-05-26,12:10:00,2014-05-26,14:10:00,강원도 삼척시 근덕면,0.3,37.3792784455933,129.225825562476
2014-01-19,19:50:00,2014-01-19,20:45:00,강원도 원주시 신림면,0.02,37.2306925112002,128.079484645368
2014-01-16,10:40:00,2014-01-16,14:00:00,강원도 정선군 북평면,0.2,37.4488891078994,128.670490518986
2014-01-15,16:23:00,2014-01-15,17:40:00,강원도 삼척시 도계읍,0.1,37.2364370242581,129.045174522503
2014-01-13,12:50:00,2014-01-13,14:40:00,강원도 화천군 상서면,0.15,38.1578310622547,127.654248763255
2014-05-14,18:24:00,2014-05-14,19:40:00,강원도 정선군 임계면,0.1,37.4948152077541,128.852109625413
2014-05-13,11:19:00,2014-05-13,13:30:00,강원도 고성군 간성읍,0.5,38.3783819019248,128.466855795807
2014-05-11,16:36:00,2014-05-11,18:00:00,강원도 인제군 남면,0.03,37.9659219985446,128.08336017963
2014-05-10,15:02:00,2014-05-10,17:48:00,강원도 영월군 북면,0.1,37.2544645252444,128.455193189019
2014-05-09,16:12:00,2014-05-09,18:25:00,강원도 삼척시 노곡면,0.3,37.3477672516229,129.164074412158
2014-05-06,18:20:00,2014-05-06,20:40:00,강원도 영월군 영월읍,0.5,37.1874352109429,128.466067893114
2014-05-05,19:10:00,2014-05-05,21:00:00,강원도 양구군 동면,0.05,38.2023166396046,128.04349997028
2014-05-04,18:42:00,2014-05-04,21:17:00,강원도 홍천군 영귀미면,0.1,37.6780725461921,127.935063630646
2014-04-27,15:25:00,2014-04-27,16:35:00,강원도 양양군 현남면,0.01,37.9692314024179,128.759480350041
2014-04-26,15:10:00,2014-04-26,17:50:00,강원도 양구군 국토정중앙면,0.1,38.1084781281203,128.034570007438
2014-04-26,13:20:00,2014-04-26,16:00:00,강원도 영월군 한반도면,0.1,37.2367970270269,128.328378893623
2014-04-26,10:40:00,2014-04-26,12:37:00,강원도 평창군 용평면,0.3,37.6066960645327,128.440214137176
2014-04-25,20:20:00,2014-04-25,21:40:00,강원도 화천군 화천읍,0.1,38.1042562811837,127.707178844679
2014-04-25,14:10:00,2014-04-25,15:10:00,강원도 양양군 현남면,0.04,37.9692314024179,128.759480350041
2014-04-25,10:24:00,2014-04-25,12:15:00,강원도 삼척시 등봉동,0.5,37.4534066460742,129.120049558931
2014-04-24,18:39:00,2014-04-24,22:25:00,강원도 영월군 무릉도원면,0.15,37.2883503881401,128.268649175287
2014-04-24,18:10:00,2014-04-24,19:30:00,강원도 춘천시 남산면,0.06,37.79186457822,127.646194579037
2014-04-24,15:20:00,2014-04-24,18:00:00,강원도 춘천시 동산면,0.05,37.7523096450281,127.796298351078
2014-04-24,12:54:00,2014-04-24,18:30:00,강원도 영월군 무릉도원면,1.0,37.2883503881401,128.268649175287
2014-04-24,12:05:00,2014-04-24,15:15:00,강원도 횡성군 우천면,0.4,37.4594058323665,128.06243796948
2014-04-24,10:50:00,2014-04-24,20:30:00,강원도 홍천군 서석면,2.5,37.7135954442631,128.186169902059
2014-04-23,13:30:00,2014-04-23,16:40:00,강원도 춘천시 남면,0.03,37.7321563694312,127.599895449274
2014-04-22,14:46:00,2014-04-22,17:10:00,강원도 홍천군 화촌면,0.5,37.7710054077675,127.966895174076
2014-04-22,10:35:00,2014-04-22,13:00:00,강원도 인제군 북면,0.05,38.1246704618065,128.204172526138
2014-04-21,16:05:00,2014-04-21,17:30:00,강원도 고성군 토성면,0.09,38.257289697991,128.558906495609
2014-04-21,13:15:00,2014-04-21,15:30:00,강원도 영월군 한반도면,0.1,37.2367970270269,128.328378893623
2014-04-20,13:41:00,2014-04-20,15:13:00,강원도 홍천군 서면,0.2,37.6885985446756,127.664103886782
2014-04-17,19:14:00,2014-04-17,21:15:00,강원도 춘천시 동면,0.03,37.910341608957,127.781091988381
2014-04-16,22:57:00,2014-04-16,00:30:00,강원도 춘천시 동면,0.09,37.910341608957,127.781091988381
2014-04-13,14:20:00,2014-04-13,16:10:00,강원도 홍천군 북방면,0.1,37.705563256545,127.853191045521
2014-04-12,14:04:00,2014-04-12,16:00:00,강원도 양구군 양구읍,0.2,38.1080405251365,127.990430398263
2014-04-11,16:46:00,2014-04-11,18:10:00,강원도 원주시 지정면,0.1,37.3621506214657,127.840189486855
2014-04-11,14:50:00,2014-04-11,17:30:00,강원도 춘천시 동면,0.01,37.910341608957,127.781091988381
2014-04-10,15:10:00,2014-04-10,15:50:00,강원도 철원군 갈말읍,0.03,38.1477243520665,127.30830034891
2014-04-10,13:10:00,2014-04-10,14:19:00,강원도 양구군 국토정중앙면,0.05,38.1084781281203,128.034570007438
2014-04-09,14:00:00,2014-04-09,15:00:00,강원도 영월군 무릉도원면,0.0,37.2883503881401,128.268649175287
2014-04-01,13:50:00,2014-04-01,14:50:00,강원도 횡성군 서원면,0.2,37.4870801187572,127.850550659118
2014-03-27,18:29:00,2014-03-27,20:35:00,강원도 평창군 용평면,0.15,37.6066960645327,128.440214137176
2014-03-27,17:29:00,2014-03-27,18:37:00,강원도 홍천군 서면,0.2,37.6885985446756,127.664103886782
2014-03-27,15:48:00,2014-03-27,17:00:00,강원도 철원군 갈말읍,0.03,38.1477243520665,127.30830034891
2014-03-24,19:14:00,2014-03-24,20:20:00,강원도 양양군 강현면,0.3,38.1499826978456,128.607652116524
2014-03-24,16:27:00,2014-03-24,17:10:00,강원도 홍천군 두촌면,0.2,37.8686986720293,128.018956858672
2014-03-11,16:50:00,2014-03-11,17:50:00,강원도 원주시 귀래면,0.06,37.1697663767707,127.884667844212
2014-03-10,10:23:00,2014-03-10,12:45:00,강원도 화천군 화천읍,0.12,38.1042562811837,127.707178844679
2014-03-07,15:10:00,2014-03-07,16:45:00,강원도 홍천군 북방면,0.2,37.705563256545,127.853191045521
2014-03-07,13:37:00,2014-03-07,15:00:00,강원도 춘천시 서면,0.05,37.8986923448081,127.692791905634
2014-03-07,11:50:00,2014-03-07,17:30:00,강원도 영월군 김삿갓면,2.0,37.1256797470207,128.570085899718
2014-03-05,15:07:00,2014-03-05,16:30:00,강원도 춘천시 남면,0.01,37.7321563694312,127.599895449274
2014-03-03,14:12:00,2014-03-03,15:00:00,강원도 원주시 관설동,0.06,37.304900320918,127.998012574194
2014-03-03,11:43:00,2014-03-03,12:50:00,강원도 원주시 흥업면,0.1,37.3025500299786,127.921181194086
2014-02-27,12:30:00,2014-02-27,13:45:00,강원도 횡성군 우천면,0.25,37.4594058323665,128.06243796948
2014-02-04,19:35:00,2014-02-04,21:40:00,강원도 양양군 양양읍,0.5,38.0806715229116,128.624012188104
2015-06-04,06:57:00,2015-06-04,10:26:00,강원도 홍천군 두촌면,2.0,37.8686986720293,128.018956858672
2015-06-03,14:28:00,2015-06-03,19:00:00,강원도 춘천시 남면,1.0,37.7321563694312,127.599895449274
2015-06-03,13:50:00,2015-06-03,18:20:00,강원도 인제군 남면,0.5,37.9659219985446,128.08336017963
2015-06-03,11:58:00,2015-06-03,13:42:00,강원도 횡성군 둔내면,0.1,37.5122165122342,128.218832889124
2015-06-02,15:30:00,2015-06-02,18:00:00,강원도 춘천시 남산면,0.09,37.79186457822,127.646194579037
2015-05-31,19:21:00,2015-06-01,12:00:00,강원도 홍천군 서석면,0.2,37.7135954442631,128.186169902059
2015-05-31,19:02:00,2015-05-31,23:05:00,강원도 횡성군 우천면,0.15,37.4594058323665,128.06243796948
2015-05-31,14:27:00,2015-05-31,18:00:00,강원도 화천군 사내면,0.06,38.0701588123932,127.523433810035
2015-05-31,13:30:00,2015-05-31,18:00:00,강원도 화천군 상서면,0.03,38.1578310622547,127.654248763255
2015-05-31,10:52:00,2015-05-31,16:30:00,강원도 삼척시 하장면,0.5,37.3494432358995,128.943070012541
2015-05-29,15:05:00,2015-05-29,21:50:00,강원도 삼척시 가곡면,0.25,37.1497538953609,129.205212030994
2015-05-28,18:10:00,2015-05-28,19:35:00,강원도 평창군 미탄면,0.3,37.3420792035649,128.495781431646
2015-05-25,01:21:00,2015-05-25,17:00:00,강원도 횡성군 갑천면,0.5,37.5609554668992,128.11019928627
2015-05-23,18:10:00,2015-05-23,20:00:00,강원도 평창군 평창읍,0.5,37.3677151528904,128.400549022928
2015-05-21,19:22:00,2015-05-22,01:00:00,강원도 강릉시 왕산면,0.7,37.6726837387208,128.837804434963
2015-05-21,15:55:00,2015-05-21,17:00:00,강원도 영월군 북면,0.04,37.2544645252444,128.455193189019
2015-05-21,15:53:00,2015-05-21,16:50:00,강원도 횡성군 우천면,0.01,37.4594058323665,128.06243796948
2015-05-21,15:40:00,2015-05-21,21:00:00,강원도 홍천군 홍천읍,1.0,37.68943404802,127.884306327398
2015-05-21,14:55:00,2015-05-21,20:00:00,강원도 삼척시 노곡면,1.2,37.3477672516229,129.164074412158
2015-05-17,17:10:00,2015-05-17,20:00:00,강원도 홍천군 내촌면,0.2,37.8163476368407,128.086739600183
2015-05-17,11:12:00,2015-05-17,14:15:00,강원도 양양군 현북면,0.3,38.0190056461486,128.723115872388
2015-05-11,13:26:00,2015-05-11,15:00:00,강원도 정선군 임계면,0.1,37.4948152077541,128.852109625413
2015-05-10,15:30:00,2015-05-10,16:45:00,강원도 강릉시 왕산면,0.1,37.6726837387208,128.837804434963
2015-05-08,13:27:00,2015-05-08,14:10:00,강원도 강릉시 왕산면,0.1,37.6726837387208,128.837804434963
2015-05-07,14:50:00,2015-05-07,16:00:00,강원도 춘천시 동산면,0.01,37.7523096450281,127.796298351078
2015-05-07,13:40:00,2015-05-07,14:40:00,강원도 춘천시 서면,0.01,37.8986923448081,127.692791905634
2015-05-05,16:32:00,2015-05-05,17:50:00,강원도 횡성군 횡성읍,0.01,37.4923616641075,127.992604693778
2015-05-05,11:10:00,2015-05-05,12:20:00,강원도 평창군 봉평면,0.1,37.6161929793163,128.379492494281
2015-05-05,10:40:00,2015-05-05,12:50:00,강원도 강릉시 왕산면,0.2,37.6726837387208,128.837804434963
2015-05-05,07:15:00,2015-05-05,08:30:00,강원도 강릉시 사천면,0.01,37.8235278808534,128.848721826973
2015-05-02,17:30:00,2015-05-02,19:40:00,강원도 강릉시 주문진읍,0.02,37.894000235204,128.823428734257
2015-05-02,12:50:00,2015-05-02,16:00:00,강원도 영월군 남면,0.03,37.1865451028246,128.404493044827
2015-04-29,21:15:00,2015-04-30,01:50:00,강원도 양구군 양구읍,0.5,38.1080405251365,127.990430398263
2015-04-28,13:58:00,2015-04-28,20:00:00,강원도 홍천군 화촌면,2.0,37.7710054077675,127.966895174076
2015-04-26,19:32:00,2015-04-26,23:25:00,강원도 강릉시 옥계면,0.2,37.6126632423991,129.0379307125
2015-04-26,12:30:00,2015-04-26,14:40:00,강원도 화천군 상서면,0.2,38.1578310622547,127.654248763255
2015-12-22,13:54:00,2015-12-22,14:30:00,강원도 강릉시 학동,0.01,37.7551365767369,128.93177368976
2015-12-19,20:04:00,2015-12-19,21:00:00,강원도 인제군 남면,0.01,37.9659219985446,128.08336017963
2015-12-16,13:40:00,2015-12-16,16:00:00,강원도 양양군 현남면,0.1,37.9692314024179,128.759480350041
2015-12-12,13:32:00,2015-12-12,15:10:00,강원도 횡성군 횡성읍,0.03,37.4923616641075,127.992604693778
2015-11-04,10:35:00,2015-11-04,14:00:00,강원도 인제군 상남면,0.2,37.8740813784961,128.259953575109
2015-11-02,16:35:00,2015-11-02,18:55:00,강원도 양구군 국토정중앙면,0.3,38.1084781281203,128.034570007438
2015-11-02,13:50:00,2015-11-02,15:00:00,강원도 강릉시 연곡면,0.03,37.8601061139786,128.836941450583
2015-11-01,16:40:00,2015-11-01,18:05:00,강원도 홍천군 내촌면,0.1,37.8163476368407,128.086739600183
2015-10-25,22:48:00,2015-10-26,02:55:00,강원도 평창군 진부면,0.1,37.6373898432815,128.553137969179
2015-10-24,12:02:00,2015-10-24,18:30:00,강원도 강릉시 왕산면,0.5,37.6726837387208,128.837804434963
2015-10-17,15:57:00,2015-10-17,18:07:00,강원도 철원군 갈말읍,0.05,38.1477243520665,127.30830034891
2015-10-17,09:20:00,2015-10-17,15:02:00,강원도 강릉시 연곡면,0.8,37.8601061139786,128.836941450583
2015-10-16,15:35:00,2015-10-16,16:30:00,강원도 정선군 정선읍,0.05,37.3797685014938,128.661694256573
2015-10-11,12:10:00,2015-10-11,16:39:00,강원도 춘천시 서면,0.01,37.8986923448081,127.692791905634
2015-10-06,15:10:00,2015-10-06,17:40:00,강원도 철원군 갈말읍,0.1,38.1477243520665,127.30830034891
2015-09-29,14:00:00,2015-09-29,16:50:00,강원도 원주시 문막읍,0.05,37.3126265706472,127.817203298785
2015-09-27,16:40:00,2015-09-27,17:47:00,강원도 원주시 판부면,0.01,37.2682792088618,128.01295599715
2015-09-27,11:35:00,2015-09-27,14:10:00,강원도 춘천시 사북면,0.01,38.0298510072252,127.640812477483
2015-09-25,14:18:00,2015-09-25,15:48:00,강원도 횡성군 강림면,0.03,37.3602310480308,128.125412513164
2015-06-22,14:40:00,2015-06-22,17:30:00,강원도 홍천군 화촌면,0.1,37.7710054077675,127.966895174076
2015-06-17,15:50:00,2015-06-17,17:30:00,강원도 춘천시 북산면,0.05,37.9873330402956,127.885966945811
2015-06-16,13:26:00,2015-06-16,15:10:00,강원도 화천군 간동면,0.02,38.0552638648249,127.790017389636
2015-06-15,14:02:00,2015-06-15,17:30:00,강원도 양구군 국토정중앙면,0.01,38.1084781281203,128.034570007438
2015-06-12,13:40:00,2015-06-12,15:25:00,강원도 인제군 남면,0.01,37.9659219985446,128.08336017963
2015-06-11,12:54:00,2015-06-11,20:00:00,강원도 홍천군 화촌면,0.5,37.7710054077675,127.966895174076
2015-06-10,16:00:00,2015-06-10,18:20:00,강원도 정선군 북평면,0.4,37.4488891078994,128.670490518986
2015-06-10,15:03:00,2015-06-10,19:50:00,강원도 인제군 북면,0.25,38.1246704618065,128.204172526138
2015-06-10,12:41:00,2015-06-10,22:00:00,강원도 횡성군 서원면,1.0,37.4870801187572,127.850550659118
2015-06-09,17:03:00,2015-06-09,17:39:00,강원도 인제군 북면,0.01,38.1246704618065,128.204172526138
2015-06-07,12:30:00,2015-06-07,14:30:00,강원도 화천군 화천읍,0.01,38.1042562811837,127.707178844679
2015-06-05,08:32:00,2015-06-05,09:50:00,강원도 동해시 천곡동,0.02,37.5228778892452,129.116146826239
2015-06-04,23:56:00,2015-06-05,01:40:00,강원도 고성군 간성읍,0.06,38.3783819019248,128.466855795807
2015-06-04,14:36:00,2015-06-04,18:50:00,강원도 강릉시 왕산면,0.1,37.6726837387208,128.837804434963
2015-06-04,13:30:00,2015-06-04,15:00:00,강원도 철원군 갈말읍,1.0,38.1477243520665,127.30830034891
2015-03-27,21:39:00,2015-03-27,22:10:00,강원도 양양군 손양면,0.03,38.0605654654139,128.641095471494
2015-03-27,19:30:00,2015-03-27,21:30:00,강원도 고성군 간성읍,0.9,38.3783819019248,128.466855795807
2015-03-26,14:00:00,2015-03-26,16:50:00,강원도 원주시 신림면,1.5,37.2306925112002,128.079484645368
2015-03-26,11:50:00,2015-03-26,15:50:00,강원도 삼척시 도경동,0.3,37.4530432183631,129.091925189513
2015-03-25,20:01:00,2015-03-25,22:00:00,강원도 춘천시 남산면,0.05,37.79186457822,127.646194579037
2015-03-25,18:49:00,2015-03-26,17:00:00,강원도 홍천군 내촌면,2.9,37.8163476368407,128.086739600183
2015-03-25,17:00:00,2015-03-25,17:55:00,강원도 평창군 미탄면,0.2,37.3420792035649,128.495781431646
2015-03-25,16:36:00,2015-03-25,17:35:00,강원도 원주시 귀래면,0.06,37.1697663767707,127.884667844212
2015-03-25,15:55:00,2015-03-25,18:00:00,강원도 삼척시 도계읍,0.2,37.2364370242581,129.045174522503
2015-03-25,13:21:00,2015-03-25,15:27:00,강원도 홍천군 서석면,0.1,37.7135954442631,128.186169902059
2015-03-24,16:32:00,2015-03-24,19:00:00,강원도 홍천군 내촌면,0.2,37.8163476368407,128.086739600183
2015-03-23,13:11:00,2015-03-24,18:00:00,강원도 홍천군 화촌면,3.0,37.7710054077675,127.966895174076
2015-03-23,12:50:00,2015-03-23,20:45:00,강원도 인제군 인제읍,3.0,38.0703902211485,128.172217558963
2015-03-23,09:45:00,2015-03-23,10:53:00,강원도 철원군 갈말읍,0.1,38.1477243520665,127.30830034891
2015-03-22,16:04:00,2015-03-22,21:40:00,강원도 홍천군 두촌면,2.0,37.8686986720293,128.018956858672
2015-03-22,14:20:00,2015-03-22,18:30:00,강원도 횡성군 청일면,0.3,37.5837464013969,128.150414957403
2015-03-22,14:01:00,2015-03-23,10:30:00,강원도 화천군 간동면,11.0,38.0552638648249,127.790017389636
2015-03-15,14:35:00,2015-03-15,17:15:00,강원도 동해시 쇄운동,0.3,37.4752584657491,129.074549691444
2015-03-15,10:36:00,2015-03-15,13:00:00,강원도 양구군 양구읍,0.2,38.1080405251365,127.990430398263
2015-03-14,14:53:00,2015-03-14,16:48:00,강원도 홍천군 남면,0.8,37.6181202912817,127.767631386937
2015-03-14,13:30:00,2015-03-14,14:20:00,강원도 양구군 동면,0.07,38.2023166396046,128.04349997028
2015-03-14,11:56:00,2015-03-14,12:12:00,강원도 강릉시 유천동,0.02,37.7684244725745,128.856095899356
2015-03-11,18:59:00,2015-03-11,19:47:00,강원도 홍천군 영귀미면,0.03,37.6780725461921,127.935063630646
2015-03-11,17:17:00,2015-03-11,17:49:00,강원도 강릉시 연곡면,0.1,37.8601061139786,128.836941450583
2015-03-09,14:42:00,2015-03-09,16:26:00,강원도 춘천시 동면,0.4,37.910341608957,127.781091988381
2015-03-09,14:21:00,2015-03-09,15:00:00,강원도 춘천시 신북읍,0.01,37.9259016421481,127.746212145455
2015-03-08,14:00:00,2015-03-08,15:10:00,강원도 강릉시 성산면,0.1,37.7187235115627,128.832100896917
2015-03-08,11:00:00,2015-03-08,14:00:00,강원도 고성군 죽왕면,0.9,38.3287596789233,128.525205848883
2015-03-08,10:39:00,2015-03-08,12:00:00,강원도 횡성군 청일면,0.1,37.5837464013969,128.150414957403
2015-03-07,13:35:00,2015-03-07,15:10:00,강원도 춘천시 동면,0.2,37.910341608957,127.781091988381
2015-03-04,11:40:00,2015-03-05,08:00:00,강원도 정선군 여량면,7.0,37.4706040304876,128.720500019347
2015-03-02,16:17:00,2015-03-02,17:20:00,강원도 인제군 북면,0.01,38.1246704618065,128.204172526138
2015-02-26,14:15:00,2015-02-26,15:35:00,강원도 원주시 태장동,0.2,37.3552337842644,127.955206525576
2015-02-12,11:46:00,2015-02-12,14:00:00,강원도 영월군 남면,1.0,37.1865451028246,128.404493044827
2015-02-08,13:31:00,2015-02-11,10:00:00,강원도 삼척시 가곡면,18.0,37.1497538953609,129.205212030994
2015-02-01,16:21:00,2015-02-01,17:43:00,강원도 춘천시 북산면,0.1,37.9873330402956,127.885966945811
2015-01-10,13:02:00,2015-01-10,16:00:00,강원도 강릉시 왕산면,0.2,37.6726837387208,128.837804434963
2015-01-05,01:54:00,2015-01-05,03:00:00,강원도 강릉시 주문진읍,0.16,37.894000235204,128.823428734257
2015-03-22,13:40:00,2015-03-22,15:15:00,강원도 영월군 주천면,0.1,37.2721876092467,128.268910017243
2015-03-21,13:25:00,2015-03-21,15:12:00,강원도 화천군 화천읍,0.3,38.1042562811837,127.707178844679
2015-03-20,14:43:00,2015-03-20,16:00:00,강원도 홍천군 영귀미면,0.1,37.6780725461921,127.935063630646
2015-03-19,15:03:00,2015-03-19,16:10:00,강원도 화천군 사내면,0.02,38.0701588123932,127.523433810035
2015-03-17,16:14:00,2015-03-17,18:40:00,강원도 삼척시 원덕읍,0.5,37.1764583972782,129.335713745385
2015-03-16,15:54:00,2015-03-16,17:20:00,강원도 태백시 금천동,0.5,37.0865842917776,128.963348724385
2015-04-24,13:30:00,2015-04-24,16:00:00,강원도 정선군 여량면,0.3,37.4706040304876,128.720500019347
2015-04-23,14:30:00,2015-04-23,22:00:00,강원도 인제군 인제읍,1.0,38.0703902211485,128.172217558963
2015-04-23,12:20:00,2015-04-23,14:40:00,강원도 고성군 간성읍,0.5,38.3783819019248,128.466855795807
2015-04-13,10:41:00,2015-04-13,11:35:00,강원도 화천군 상서면,0.3,38.1578310622547,127.654248763255
2015-04-12,16:20:00,2015-04-12,17:50:00,강원도 철원군 김화읍,0.2,38.2498053653871,127.421185539773
2015-04-12,07:30:00,2015-04-12,09:00:00,강원도 원주시 호저면,0.06,37.4110343612581,127.925706853576
2015-04-03,14:37:00,2015-04-03,15:40:00,강원도 인제군 북면,0.01,38.1246704618065,128.204172526138
2015-03-30,13:08:00,2015-03-30,15:30:00,강원도 춘천시 남산면,0.1,37.79186457822,127.646194579037
2015-03-29,14:30:00,2015-03-29,15:30:00,강원도 춘천시 남산면,0.03,37.79186457822,127.646194579037
2015-03-29,13:05:00,2015-03-29,13:39:00,강원도 원주시 태장동,0.05,37.3552337842644,127.955206525576
2015-03-28,14:40:00,2015-03-28,22:30:00,강원도 평창군 미탄면,2.5,37.3420792035649,128.495781431646
2016-12-02,12:37:00,2016-12-02,13:30:00,강원도 철원군 서면,0.02,38.1646509515925,127.415710898265
2016-11-29,04:35:00,2016-11-29,05:30:00,강원도 강릉시 주문진읍,0.01,37.894000235204,128.823428734257
2016-11-25,17:45:00,2016-11-25,18:50:00,강원도 횡성군 횡성읍,0.03,37.4923616641075,127.992604693778
2016-11-21,04:29:00,2016-11-21,05:50:00,강원도 강릉시 구정면,0.01,37.7183755047744,128.880053838573
2016-11-14,12:33:00,2016-11-14,13:10:00,강원도 삼척시 하장면,0.01,37.3494432358995,128.943070012541
2016-09-20,14:10:00,2016-09-20,16:30:00,강원도 춘천시 사북면,0.01,38.0298510072252,127.640812477483
2016-08-23,16:28:00,2016-08-23,18:44:00,강원도 원주시 귀래면,0.03,37.1697663767707,127.884667844212
2016-08-18,15:55:00,2016-08-18,18:46:00,강원도 횡성군 서원면,0.04,37.4870801187572,127.850550659118
2016-06-29,14:30:00,2016-06-29,16:30:00,강원도 횡성군 서원면,0.3,37.4870801187572,127.850550659118
2016-06-20,15:45:00,2016-06-20,17:21:00,강원도 원주시 흥업면,0.05,37.3025500299786,127.921181194086
2016-06-17,13:10:00,2016-06-17,14:40:00,강원도 춘천시 서면,0.01,37.8986923448081,127.692791905634
2016-06-10,13:07:00,2016-06-10,14:30:00,강원도 정선군 신동읍,0.2,37.2182019484655,128.671426990821
2016-06-10,12:55:00,2016-06-10,14:35:00,강원도 홍천군 내촌면,0.1,37.8163476368407,128.086739600183
2016-06-06,14:50:00,2016-06-06,17:00:00,강원도 인제군 남면,0.01,37.9659219985446,128.08336017963
2016-06-06,12:48:00,2016-06-06,15:30:00,강원도 강릉시 연곡면,0.1,37.8601061139786,128.836941450583
2016-06-05,10:46:00,2016-06-05,12:50:00,강원도 인제군 남면,0.1,37.9659219985446,128.08336017963
2016-06-04,11:05:00,2016-06-04,13:00:00,강원도 화천군 하남면,0.01,38.0576735877991,127.668191116312
2016-06-04,06:07:00,2016-06-04,11:40:00,강원도 고성군 토성면,0.3,38.257289697991,128.558906495609
2016-06-03,11:45:00,2016-06-03,12:40:00,강원도 인제군 남면,0.1,37.9659219985446,128.08336017963
2016-06-03,11:10:00,2016-06-03,15:40:00,강원도 삼척시 가곡면,0.5,37.1497538953609,129.205212030994
2016-05-30,13:45:00,2016-05-30,15:50:00,강원도 평창군 진부면,1.0,37.6373898432815,128.553137969179
2016-05-21,19:55:00,2016-05-21,21:40:00,강원도 양구군 양구읍,0.05,38.1080405251365,127.990430398263
2016-05-21,15:04:00,2016-05-21,18:00:00,강원도 춘천시 신동면,0.01,37.8176963056334,127.716024811844
2016-05-20,15:18:00,2016-05-20,16:23:00,강원도 원주시 소초면,0.08,37.4179628767007,128.002389352861
2016-05-18,13:14:00,2016-05-18,15:40:00,강원도 양양군 강현면,0.05,38.1499826978456,128.607652116524
2016-05-15,13:12:00,2016-05-15,15:30:00,강원도 정선군 신동읍,0.1,37.2182019484655,128.671426990821
2016-05-14,15:20:00,2016-05-14,18:00:00,강원도 정선군 남면,2.0,37.2687852101249,128.740624296233
2016-05-14,12:35:00,2016-05-14,14:20:00,강원도 정선군 신동읍,0.3,37.2182019484655,128.671426990821
2016-05-12,17:24:00,2016-05-12,19:30:00,강원도 삼척시 근덕면,0.1,37.3792784455933,129.225825562476
2016-05-09,13:23:00,2016-05-09,16:05:00,강원도 영월군 주천면,0.02,37.2721876092467,128.268910017243
2016-05-07,16:40:00,2016-05-07,19:00:00,강원도 삼척시 하장면,0.03,37.3494432358995,128.943070012541
2016-05-01,08:35:00,2016-05-01,09:30:00,강원도 평창군 봉평면,0.01,37.6161929793163,128.379492494281
2016-04-30,19:05:00,2016-04-30,20:15:00,강원도 강릉시 연곡면,0.03,37.8601061139786,128.836941450583
2016-04-26,12:35:00,2016-04-26,13:50:00,강원도 인제군 남면,0.01,37.9659219985446,128.08336017963
2016-04-24,10:35:00,2016-04-24,12:15:00,강원도 삼척시 원덕읍,0.05,37.1764583972782,129.335713745385
2016-04-16,15:13:00,2016-04-16,16:23:00,강원도 삼척시 미로면,0.04,37.4175439757334,129.112486953361
2016-04-11,12:51:00,2016-04-11,14:20:00,강원도 춘천시 신북읍,0.7,37.9259016421481,127.746212145455
2016-04-09,15:32:00,2016-04-09,16:44:00,강원도 고성군 죽왕면,0.08,38.3287596789233,128.525205848883
2016-04-06,19:40:00,2016-04-06,21:50:00,강원도 홍천군 영귀미면,0.8,37.6780725461921,127.935063630646
2016-04-06,15:10:00,2016-04-06,16:24:00,강원도 원주시 부론면,0.05,37.2076020452332,127.750494148523
2016-04-04,17:52:00,2016-04-04,18:51:00,강원도 화천군 하남면,0.01,38.0576735877991,127.668191116312
2016-04-02,19:05:00,2016-04-03,01:00:00,강원도 평창군 방림면,2.0,37.4264490397723,128.394222710894
2016-04-02,15:24:00,2016-04-02,17:50:00,강원도 영월군 김삿갓면,0.5,37.1256797470207,128.570085899718
2016-04-02,14:20:00,2016-04-02,18:00:00,강원도 홍천군 서면,1.0,37.6885985446756,127.664103886782
2016-04-01,16:48:00,2016-04-01,17:55:00,강원도 횡성군 횡성읍,0.5,37.4923616641075,127.992604693778
2016-04-01,12:45:00,2016-04-01,20:20:00,강원도 양구군 국토정중앙면,6.0,38.1084781281203,128.034570007438
2016-04-01,11:20:00,2016-04-01,12:18:00,강원도 평창군 진부면,0.2,37.6373898432815,128.553137969179
2016-04-01,10:06:00,2016-04-01,11:10:00,강원도 철원군 갈말읍,0.2,38.1477243520665,127.30830034891
2016-03-31,12:52:00,2016-03-31,15:30:00,강원도 화천군 사내면,1.5,38.0701588123932,127.523433810035
2016-03-28,18:15:00,2016-03-28,19:00:00,강원도 원주시 신림면,0.03,37.2306925112002,128.079484645368
2016-03-28,13:03:00,2016-03-28,18:39:00,강원도 철원군 김화읍,2.0,38.2498053653871,127.421185539773
2016-03-27,11:43:00,2016-03-27,13:50:00,강원도 화천군 사내면,0.3,38.0701588123932,127.523433810035
2016-03-24,13:02:00,2016-03-24,13:53:00,강원도 원주시 소초면,0.09,37.4179628767007,128.002389352861
2016-03-23,16:30:00,2016-03-23,16:56:00,강원도 원주시 호저면,0.03,37.4110343612581,127.925706853576
2016-03-18,13:46:00,2016-03-18,15:50:00,강원도 춘천시 동산면,0.6,37.7523096450281,127.796298351078
2016-03-17,12:30:00,2016-03-17,13:50:00,강원도 홍천군 서면,0.1,37.6885985446756,127.664103886782
2016-03-17,12:20:00,2016-03-17,13:35:00,강원도 강릉시 성산면,0.6,37.7187235115627,128.832100896917
2016-03-16,13:08:00,2016-03-16,13:45:00,강원도 횡성군 우천면,0.04,37.4594058323665,128.06243796948
2016-03-16,11:27:00,2016-03-16,12:20:00,강원도 영월군 북면,0.02,37.2544645252444,128.455193189019
2016-03-15,17:11:00,2016-03-15,18:09:00,강원도 화천군 상서면,0.1,38.1578310622547,127.654248763255
2016-03-06,15:28:00,2016-03-06,17:00:00,강원도 정선군 남면,0.1,37.2687852101249,128.740624296233
2016-03-04,17:30:00,2016-03-04,20:10:00,강원도 철원군 갈말읍,0.1,38.1477243520665,127.30830034891
2016-03-04,13:34:00,2016-03-04,14:50:00,강원도 춘천시 북산면,0.03,37.9873330402956,127.885966945811
2016-03-02,18:00:00,2016-03-02,19:30:00,강원도 강릉시 성산면,0.1,37.7187235115627,128.832100896917
2016-02-26,15:40:00,2016-02-26,16:15:00,강원도 영월군 상동읍,0.05,37.1269849168596,128.826799439002
2016-02-26,14:43:00,2016-02-26,15:35:00,강원도 춘천시 동내면,0.01,37.8478361956971,127.761140115416
2016-02-23,17:50:00,2016-02-23,19:30:00,강원도 화천군 사내면,0.03,38.0701588123932,127.523433810035
2016-02-23,13:52:00,2016-02-23,15:54:00,강원도 양구군 양구읍,0.5,38.1080405251365,127.990430398263
2016-02-23,13:40:00,2016-02-23,15:20:00,강원도 인제군 북면,1.0,38.1246704618065,128.204172526138
2016-02-21,15:15:00,2016-02-21,17:35:00,강원도 정선군 남면,0.3,37.2687852101249,128.740624296233
2016-02-21,09:06:00,2016-02-21,13:30:00,강원도 정선군 신동읍,0.3,37.2182019484655,128.671426990821
2016-02-18,23:20:00,2016-02-19,02:00:00,강원도 동해시 발한동,0.26,37.5484323855262,129.107922043297
2016-02-10,13:40:00,2016-02-10,15:45:00,강원도 춘천시 북산면,0.02,37.9873330402956,127.885966945811
2016-02-08,13:22:00,2016-02-08,15:45:00,강원도 횡성군 횡성읍,3.0,37.4923616641075,127.992604693778
2016-02-05,15:56:00,2016-02-05,17:50:00,강원도 횡성군 우천면,0.8,37.4594058323665,128.06243796948
2016-02-04,13:35:00,2016-02-04,17:00:00,강원도 춘천시 동면,1.0,37.910341608957,127.781091988381
2016-02-04,11:22:00,2016-02-04,12:44:00,강원도 원주시 문막읍,0.05,37.3126265706472,127.817203298785
2016-02-01,17:49:00,2016-02-01,19:30:00,강원도 홍천군 내촌면,0.3,37.8163476368407,128.086739600183
2016-02-01,14:36:00,2016-02-01,15:30:00,강원도 원주시 신림면,0.01,37.2306925112002,128.079484645368
2016-01-31,13:07:00,2016-01-31,14:10:00,강원도 영월군 무릉도원면,0.05,37.2883503881401,128.268649175287
2016-01-29,11:51:00,2016-01-29,14:00:00,강원도 홍천군 북방면,0.03,37.705563256545,127.853191045521
2016-01-29,01:22:00,2016-01-29,04:30:00,강원도 홍천군 내촌면,0.05,37.8163476368407,128.086739600183
2016-01-27,16:22:00,2016-01-27,17:22:00,강원도 원주시 귀래면,0.15,37.1697663767707,127.884667844212
2016-01-26,16:46:00,2016-01-26,17:50:00,강원도 양양군 강현면,0.03,38.1499826978456,128.607652116524
2016-01-26,03:58:00,2016-01-26,07:00:00,강원도 춘천시 사북면,0.1,38.0298510072252,127.640812477483
2016-01-25,17:02:00,2016-01-25,20:00:00,강원도 춘천시 남면,0.3,37.7321563694312,127.599895449274
2016-01-22,16:25:00,2016-01-22,17:30:00,강원도 춘천시 신동면,0.01,37.8176963056334,127.716024811844
2016-01-19,18:40:00,2016-01-19,21:29:00,강원도 강릉시 구정면,3.0,37.7183755047744,128.880053838573
2016-01-13,11:25:00,2016-01-13,12:05:00,강원도 원주시 호저면,0.03,37.4110343612581,127.925706853576
2016-01-12,14:28:00,2016-01-12,15:20:00,강원도 양구군 국토정중앙면,0.05,38.1084781281203,128.034570007438
2016-01-06,15:13:00,2016-01-06,16:30:00,강원도 고성군 거진읍,0.06,38.4361391562227,128.452553768285
2017-04-24,13:59:00,2017-04-24,14:49:00,강원도 강릉시 연곡면,0.3,37.8601061139786,128.836941450583
2017-04-23,15:35:00,2017-04-23,16:07:00,강원도 속초시 설악동,0.01,38.1664614434463,128.467814979983
2017-04-23,14:03:00,2017-04-23,16:01:00,강원도 양구군 양구읍,0.12,38.1080405251365,127.990430398263
2017-04-23,13:11:00,2017-04-23,14:20:00,강원도 영월군 중동면,0.2,37.1452872087537,128.680530612342
2017-04-23,03:08:00,2017-04-23,04:30:00,강원도 횡성군 횡성읍,0.06,37.4923616641075,127.992604693778
2017-04-20,11:30:00,2017-04-20,12:08:00,강원도 고성군 죽왕면,0.01,38.3287596789233,128.525205848883
2017-04-13,15:41:00,2017-04-13,16:00:00,강원도 고성군 거진읍,0.02,38.4361391562227,128.452553768285
2017-04-13,11:12:00,2017-04-13,14:00:00,강원도 춘천시 서면,0.35,37.8986923448081,127.692791905634
2017-04-12,08:40:00,2017-04-12,10:49:00,강원도 철원군 동송읍,0.01,38.2072165163278,127.208191410563
2017-04-10,16:50:00,2017-04-10,19:20:00,강원도 철원군 서면,0.01,38.1646509515925,127.415710898265
2017-04-10,11:20:00,2017-04-10,14:00:00,강원도 원주시 소초면,0.2,37.4179628767007,128.002389352861
2017-04-08,13:28:00,2017-04-08,15:17:00,강원도 영월군 무릉도원면,0.3,37.2883503881401,128.268649175287
2017-04-04,19:40:00,2017-04-04,21:15:00,강원도 철원군 갈말읍,0.1,38.1477243520665,127.30830034891
2017-03-30,15:21:00,2017-03-30,17:30:00,강원도 홍천군 화촌면,0.4,37.7710054077675,127.966895174076
2017-03-30,15:10:00,2017-03-30,16:30:00,강원도 춘천시 서면,0.01,37.8986923448081,127.692791905634
2017-03-23,13:42:00,2017-03-23,15:30:00,강원도 횡성군 갑천면,0.5,37.5609554668992,128.11019928627
2017-03-22,17:54:00,2017-03-22,20:15:00,강원도 화천군 사내면,0.15,38.0701588123932,127.523433810035
2017-03-22,16:38:00,2017-03-22,17:35:00,강원도 인제군 인제읍,0.01,38.0703902211485,128.172217558963
2017-12-22,16:50:00,2017-12-22,21:00:00,강원도 양양군 서면,0.3,38.0715261451956,128.585234510802
2017-12-04,19:38:00,2017-12-04,23:00:00,강원도 양양군 현북면,1.0,38.0190056461486,128.723115872388
2017-12-02,21:04:00,2017-12-02,23:30:00,강원도 원주시 부론면,0.2,37.2076020452332,127.750494148523
2017-11-30,11:14:00,2017-11-30,12:20:00,강원도 홍천군 홍천읍,0.05,37.68943404802,127.884306327398
2017-11-20,11:58:00,2017-11-20,14:03:00,강원도 영월군 남면,0.3,37.1865451028246,128.404493044827
2017-11-19,13:36:00,2017-11-19,14:30:00,강원도 정선군 여량면,0.05,37.4706040304876,128.720500019347
2017-11-16,15:08:00,2017-11-16,16:13:00,강원도 홍천군 내촌면,0.5,37.8163476368407,128.086739600183
2017-11-16,13:15:00,2017-11-16,14:30:00,강원도 평창군 평창읍,0.09,37.3677151528904,128.400549022928
2017-06-23,14:30:00,2017-06-23,18:00:00,강원도 횡성군 갑천면,0.01,37.5609554668992,128.11019928627
2017-06-22,16:52:00,2017-06-22,18:00:00,강원도 양양군 서면,0.02,38.0715261451956,128.585234510802
2017-06-21,14:37:00,2017-06-21,16:10:00,강원도 철원군 갈말읍,0.01,38.1477243520665,127.30830034891
2017-06-19,21:14:00,2017-06-19,00:00:00,강원도 홍천군 서석면,0.05,37.7135954442631,128.186169902059
2017-06-19,12:02:00,2017-06-19,13:00:00,강원도 강릉시 왕산면,0.01,37.6726837387208,128.837804434963
2017-06-17,17:45:00,2017-06-17,19:00:00,강원도 횡성군 강림면,0.01,37.3602310480308,128.125412513164
2017-06-04,12:20:00,2017-06-04,14:08:00,강원도 철원군 근남면,0.01,38.2370898929596,127.471054178082
2017-06-04,11:58:00,2017-06-04,13:45:00,강원도 화천군 사내면,0.1,38.0701588123932,127.523433810035
2017-06-04,10:50:00,2017-06-04,16:00:00,강원도 인제군 인제읍,0.3,38.0703902211485,128.172217558963
2017-06-03,05:30:00,2017-06-03,17:00:00,강원도 춘천시 동면,0.2,37.910341608957,127.781091988381
2017-06-02,14:50:00,2017-06-02,16:00:00,강원도 강릉시 옥계면,0.06,37.6126632423991,129.0379307125
2017-06-01,00:50:00,2017-06-01,03:05:00,강원도 원주시 문막읍,0.3,37.3126265706472,127.817203298785
2017-05-27,11:03:00,2017-05-27,12:25:00,강원도 평창군 용평면,0.01,37.6066960645327,128.440214137176
2017-05-26,11:07:00,2017-05-26,12:30:00,강원도 춘천시 서면,0.01,37.8986923448081,127.692791905634
2017-05-25,10:40:00,2017-05-25,15:00:00,강원도 춘천시 서면,0.05,37.8986923448081,127.692791905634
2017-05-21,12:30:00,2017-05-21,17:00:00,강원도 인제군 상남면,0.1,37.8740813784961,128.259953575109
2017-05-20,15:25:00,2017-05-20,16:44:00,강원도 화천군 사내면,0.06,38.0701588123932,127.523433810035
2017-05-20,12:39:00,2017-05-20,14:19:00,강원도 정선군 임계면,0.04,37.4948152077541,128.852109625413
2017-05-20,11:10:00,2017-05-20,12:55:00,강원도 양구군 동면,0.1,38.2023166396046,128.04349997028
2017-05-19,13:32:00,2017-05-19,14:35:00,강원도 강릉시 왕산면,0.06,37.6726837387208,128.837804434963
2017-05-09,14:50:00,2017-05-09,16:15:00,강원도 원주시 흥업면,0.03,37.3025500299786,127.921181194086
2017-05-08,14:50:00,2017-05-08,19:00:00,강원도 홍천군 홍천읍,0.05,37.68943404802,127.884306327398
2017-05-07,19:47:00,2017-05-07,22:45:00,강원도 춘천시 북산면,0.01,37.9873330402956,127.885966945811
2017-05-07,19:14:00,2017-05-07,21:15:00,강원도 춘천시 북산면,0.1,37.9873330402956,127.885966945811
2017-05-06,15:32:00,2017-05-09,06:34:00,강원도 강릉시 성산면,57.0,37.7187235115627,128.832100896917
2017-05-06,14:24:00,2017-05-06,16:30:00,강원도 홍천군 내촌면,0.01,37.8163476368407,128.086739600183
2017-05-06,13:59:00,2017-05-06,14:36:00,강원도 고성군 간성읍,0.02,38.3783819019248,128.466855795807
2017-05-06,11:42:00,2017-05-09,11:20:00,강원도 삼척시 도계읍,270.0,37.2364370242581,129.045174522503
2017-05-05,18:23:00,2017-05-05,20:30:00,강원도 홍천군 영귀미면,0.01,37.6780725461921,127.935063630646
2017-05-05,15:04:00,2017-05-05,15:45:00,강원도 강릉시 왕산면,0.05,37.6726837387208,128.837804434963
2017-05-05,14:50:00,2017-05-05,16:05:00,강원도 정선군 남면,0.1,37.2687852101249,128.740624296233
2017-05-03,20:27:00,2017-05-03,23:50:00,강원도 영월군 상동읍,0.1,37.1269849168596,128.826799439002
2017-05-03,17:19:00,2017-05-03,18:30:00,강원도 영월군 영월읍,0.01,37.1874352109429,128.466067893114
2017-05-03,17:02:00,2017-05-03,19:00:00,강원도 홍천군 북방면,0.05,37.705563256545,127.853191045521
2017-05-03,14:30:00,2017-05-03,19:30:00,강원도 영월군 상동읍,0.5,37.1269849168596,128.826799439002
2017-05-03,11:17:00,2017-05-03,17:00:00,강원도 홍천군 북방면,0.3,37.705563256545,127.853191045521
2017-05-02,15:01:00,2017-05-02,15:33:00,강원도 고성군 거진읍,0.05,38.4361391562227,128.452553768285
2017-05-02,14:54:00,2017-05-02,20:00:00,강원도 홍천군 내촌면,0.3,37.8163476368407,128.086739600183
2017-05-02,13:20:00,2017-05-02,15:10:00,강원도 원주시 문막읍,0.05,37.3126265706472,127.817203298785
2017-05-02,12:30:00,2017-05-02,13:30:00,강원도 원주시 부론면,0.1,37.2076020452332,127.750494148523
2017-05-01,14:40:00,2017-05-01,15:55:00,강원도 고성군 간성읍,0.05,38.3783819019248,128.466855795807
2017-05-01,12:30:00,2017-05-01,16:30:00,강원도 인제군 남면,0.5,37.9659219985446,128.08336017963
2017-04-29,18:33:00,2017-04-30,11:00:00,강원도 춘천시 칠전동,0.5,37.8442904881827,127.699485601048
2017-04-29,15:57:00,2017-04-29,16:50:00,강원도 춘천시 동산면,0.01,37.7523096450281,127.796298351078
2017-04-29,12:24:00,2017-04-29,13:45:00,강원도 춘천시 서면,0.02,37.8986923448081,127.692791905634
2017-04-29,05:20:00,2017-04-29,07:13:00,강원도 고성군 거진읍,0.1,38.4361391562227,128.452553768285
2017-04-28,14:00:00,2017-04-28,20:00:00,강원도 홍천군 내촌면,0.1,37.8163476368407,128.086739600183
2017-04-26,15:20:00,2017-04-26,21:00:00,강원도 홍천군 화촌면,0.2,37.7710054077675,127.966895174076
2017-03-15,11:02:00,2017-03-15,12:30:00,강원도 춘천시 동산면,0.05,37.7523096450281,127.796298351078
2017-03-14,15:11:00,2017-03-14,18:20:00,강원도 홍천군 서면,0.5,37.6885985446756,127.664103886782
2017-03-14,12:26:00,2017-03-14,14:55:00,강원도 춘천시 서면,0.3,37.8986923448081,127.692791905634
2017-03-14,12:15:00,2017-03-14,14:00:00,강원도 화천군 상서면,0.1,38.1578310622547,127.654248763255
2017-03-13,15:38:00,2017-03-13,17:00:00,강원도 영월군 김삿갓면,0.3,37.1256797470207,128.570085899718
2017-03-12,17:45:00,2017-03-12,19:40:00,강원도 춘천시 서면,0.3,37.8986923448081,127.692791905634
2017-03-11,16:28:00,2017-03-11,19:00:00,강원도 홍천군 서면,0.05,37.6885985446756,127.664103886782
2017-03-11,14:58:00,2017-03-11,20:00:00,강원도 양구군 국토정중앙면,0.3,38.1084781281203,128.034570007438
2017-03-10,21:30:00,2017-03-10,00:00:00,강원도 홍천군 홍천읍,0.2,37.68943404802,127.884306327398
2017-01-19,18:55:00,2017-01-19,19:35:00,강원도 강릉시 구정면,0.05,37.7183755047744,128.880053838573
2017-01-16,13:39:00,2017-01-16,14:15:00,강원도 양양군 서면,0.02,38.0715261451956,128.585234510802
2017-01-14,21:44:00,2017-01-14,22:55:00,강원도 양양군 현북면,0.04,38.0190056461486,128.723115872388
2017-01-12,16:19:00,2017-01-12,17:30:00,강원도 강릉시 사천면,0.03,37.8235278808534,128.848721826973
2017-01-11,14:22:00,2017-01-11,16:00:00,강원도 춘천시 서면,0.05,37.8986923448081,127.692791905634
2017-03-10,12:50:00,2017-03-10,14:10:00,강원도 삼척시 도계읍,0.1,37.2364370242581,129.045174522503
2017-03-10,11:35:00,2017-03-10,12:20:00,강원도 춘천시 동면,0.01,37.910341608957,127.781091988381
2017-03-09,10:28:00,2017-03-10,22:30:00,강원도 강릉시 옥계면,75.0,37.6126632423991,129.0379307125
2017-03-03,21:20:00,2017-03-03,23:55:00,강원도 홍천군 서면,0.01,37.6885985446756,127.664103886782
2017-02-28,13:00:00,2017-02-28,14:00:00,강원도 원주시 호저면,0.1,37.4110343612581,127.925706853576
2017-02-28,10:53:00,2017-02-28,11:52:00,강원도 홍천군 내촌면,0.2,37.8163476368407,128.086739600183
2017-02-22,09:15:00,2017-02-22,09:45:00,강원도 강릉시 강동면,0.01,37.7280943167627,128.954226402687
2017-02-21,11:56:00,2017-02-21,12:55:00,강원도 강릉시 강동면,0.03,37.7280943167627,128.954226402687
2017-03-19,18:14:00,2017-03-19,20:00:00,강원도 춘천시 석사동,0.05,37.8552732879352,127.746663141751
2017-03-19,14:25:00,2017-03-19,15:15:00,강원도 영월군 영월읍,0.2,37.1874352109429,128.466067893114
2017-03-19,10:58:00,2017-03-19,14:58:00,강원도 화천군 하남면,1.5,38.0576735877991,127.668191116312
2017-03-19,10:44:00,2017-03-19,12:39:00,강원도 평창군 용평면,0.3,37.6066960645327,128.440214137176
2017-03-18,16:50:00,2017-03-18,18:00:00,강원도 원주시 흥업면,0.03,37.3025500299786,127.921181194086
2017-03-18,13:00:00,2017-03-18,14:10:00,강원도 고성군 토성면,0.1,38.257289697991,128.558906495609
2017-03-17,13:46:00,2017-03-17,14:47:00,강원도 철원군 동송읍,0.1,38.2072165163278,127.208191410563
2018-12-28,20:43:00,2018-12-29,16:00:00,강원도 삼척시 미로면,10.0,37.4175439757334,129.112486953361
2018-12-22,14:17:00,2018-12-22,15:30:00,강원도 평창군 진부면,0.05,37.6373898432815,128.553137969179
2018-11-26,06:30:00,2018-11-26,07:25:00,강원도 삼척시 근덕면,0.03,37.3792784455933,129.225825562476
2018-11-23,09:52:00,2018-11-23,11:20:00,강원도 삼척시 근덕면,0.1,37.3792784455933,129.225825562476
2018-11-22,14:24:00,2018-11-22,15:25:00,강원도 철원군 서면,0.1,38.1646509515925,127.415710898265
2018-10-04,13:30:00,2018-10-04,15:20:00,강원도 인제군 남면,0.01,37.9659219985446,128.08336017963
2018-06-23,14:20:00,2018-06-23,20:00:00,강원도 춘천시 북산면,0.01,37.9873330402956,127.885966945811
2018-06-22,18:02:00,2018-06-23,23:30:00,강원도 인제군 남면,0.01,37.9659219985446,128.08336017963
2018-06-22,15:00:00,2018-06-22,19:30:00,강원도 양구군 국토정중앙면,0.05,38.1084781281203,128.034570007438
2018-06-01,14:30:00,2018-06-01,18:00:00,강원도 춘천시 신북읍,0.01,37.9259016421481,127.746212145455
2018-04-21,21:35:00,2018-04-22,00:50:00,강원도 원주시 문막읍,0.5,37.3126265706472,127.817203298785
2018-04-21,16:38:00,2018-04-21,18:40:00,강원도 춘천시 서면,0.5,37.8986923448081,127.692791905634
2018-04-21,11:35:00,2018-04-21,23:00:00,강원도 인제군 인제읍,3.0,38.0703902211485,128.172217558963
2018-04-01,13:00:00,2018-04-01,15:20:00,강원도 철원군 동송읍,0.1,38.2072165163278,127.208191410563
2018-03-28,06:19:00,2018-03-28,22:00:00,강원도 고성군 간성읍,40.0,38.3783819019248,128.466855795807
2018-03-25,21:20:00,2018-03-25,23:00:00,강원도 삼척시 근덕면,0.2,37.3792784455933,129.225825562476
2018-03-25,19:55:00,2018-03-25,22:16:00,강원도 원주시 태장동,0.3,37.3552337842644,127.955206525576
2018-03-22,14:30:00,2018-03-22,16:20:00,강원도 춘천시 남산면,1.1,37.79186457822,127.646194579037
2018-03-14,14:34:00,2018-03-14,15:30:00,강원도 춘천시 온의동,0.2,37.8668654361775,127.715491177909
2018-02-20,15:56:00,2018-02-20,17:28:00,강원도 정선군 신동읍,0.1,37.2182019484655,128.671426990821
2018-02-19,15:03:00,2018-02-19,16:30:00,강원도 원주시 부론면,0.5,37.2076020452332,127.750494148523
2018-02-16,14:11:00,2018-02-16,15:20:00,강원도 평창군 평창읍,0.5,37.3677151528904,128.400549022928
2018-02-12,12:12:00,2018-02-12,13:50:00,강원도 횡성군 공근면,0.1,37.5364543513987,127.961772076306
2018-02-11,21:27:00,2018-02-13,21:00:00,강원도 삼척시 도계읍,50.0,37.2364370242581,129.045174522503
2018-02-11,16:14:00,2018-02-13,21:00:00,강원도 삼척시 노곡면,67.0,37.3477672516229,129.164074412158
2018-02-11,13:25:00,2018-02-11,14:39:00,강원도 영월군 중동면,0.2,37.1452872087537,128.680530612342
2018-02-09,06:15:00,2018-02-09,08:00:00,강원도 춘천시 동산면,0.01,37.7523096450281,127.796298351078
2018-02-08,15:00:00,2018-02-08,17:55:00,강원도 양구군 국토정중앙면,0.06,38.1084781281203,128.034570007438
2018-02-01,13:40:00,2018-02-01,17:00:00,강원도 홍천군 서석면,0.02,37.7135954442631,128.186169902059
2018-01-14,19:53:00,2018-01-15,05:30:00,강원도 양양군 양양읍,1.2,38.0806715229116,128.624012188104
2018-04-21,10:48:00,2018-04-21,12:04:00,강원도 화천군 간동면,0.15,38.0552638648249,127.790017389636
2018-04-20,13:38:00,2018-04-20,17:50:00,강원도 평창군 대관령면,0.08,37.6736318231798,128.706141784901
2018-04-19,19:30:00,2018-04-20,07:00:00,강원도 양양군 현남면,3.0,37.9692314024179,128.759480350041
2018-04-13,12:51:00,2018-04-13,15:00:00,강원도 춘천시 동면,0.02,37.910341608957,127.781091988381
2018-04-09,14:36:00,2018-04-09,18:30:00,강원도 삼척시 원덕읍,0.3,37.1764583972782,129.335713745385
2018-08-17,13:46:00,2018-08-17,18:20:00,강원도 춘천시 동면,0.5,37.910341608957,127.781091988381
2018-08-15,12:20:00,2018-08-15,14:00:00,강원도 횡성군 안흥면,0.25,37.4125128396148,128.156049802743
2018-08-05,18:28:00,2018-08-05,19:33:00,강원도 강릉시 왕산면,0.02,37.6726837387208,128.837804434963
2018-08-05,16:35:00,2018-08-05,18:10:00,강원도 홍천군 영귀미면,0.03,37.6780725461921,127.935063630646
2018-08-03,10:28:00,2018-08-03,13:10:00,강원도 횡성군 우천면,0.3,37.4594058323665,128.06243796948
2018-08-01,08:51:00,2018-08-01,13:00:00,강원도 춘천시 동면,0.1,37.910341608957,127.781091988381
2018-07-31,15:04:00,2018-07-31,17:21:00,강원도 원주시 부론면,0.2,37.2076020452332,127.750494148523
2018-07-29,13:48:00,2018-07-29,19:00:00,강원도 춘천시 남면,0.01,37.7321563694312,127.599895449274
2018-06-24,17:30:00,2018-06-24,20:00:00,강원도 홍천군 내촌면,0.25,37.8163476368407,128.086739600183
2018-06-24,16:42:00,2018-06-24,20:00:00,강원도 홍천군 북방면,1.0,37.705563256545,127.853191045521
2018-01-10,21:38:00,2018-01-10,22:40:00,강원도 양양군 양양읍,0.02,38.0806715229116,128.624012188104
2018-01-02,20:40:00,2018-01-02,22:30:00,강원도 원주시 소초면,0.01,37.4179628767007,128.002389352861
2019-12-31,02:56:00,2019-12-31,04:43:00,강원도 강릉시 죽헌동,0.1,37.7807578788175,128.855242116767
2019-12-31,00:32:00,2019-12-31,04:21:00,강원도 고성군 토성면,0.5,38.257289697991,128.558906495609
2019-12-24,12:11:00,2019-12-24,14:22:00,강원도 평창군 미탄면,0.01,37.3420792035649,128.495781431646
2019-12-20,11:40:00,2019-12-20,13:20:00,강원도 홍천군 홍천읍,0.04,37.68943404802,127.884306327398
2019-12-11,19:18:00,2019-12-12,10:39:00,강원도 정선군 북평면,2.0,37.4488891078994,128.670490518986
2019-12-11,16:25:00,2019-12-11,18:00:00,강원도 인제군 인제읍,0.05,38.0703902211485,128.172217558963
2019-12-06,08:59:00,2019-12-06,09:50:00,강원도 춘천시 북산면,0.5,37.9873330402956,127.885966945811
2019-12-05,10:09:00,2019-12-05,15:00:00,강원도 삼척시 도계읍,0.1,37.2364370242581,129.045174522503
2019-12-04,11:30:00,2019-12-04,12:47:00,강원도 양구군 양구읍,0.1,38.1080405251365,127.990430398263
2019-11-16,17:18:00,2019-11-16,18:10:00,강원도 강릉시 구정면,0.01,37.7183755047744,128.880053838573
2019-08-26,12:10:00,2019-08-26,18:00:00,강원도 홍천군 서석면,0.08,37.7135954442631,128.186169902059
2019-08-23,12:31:00,2019-08-23,14:15:00,강원도 횡성군 서원면,0.15,37.4870801187572,127.850550659118
2019-07-09,18:39:00,2019-07-09,21:10:00,강원도 영월군 남면,0.6,37.1865451028246,128.404493044827
2019-07-09,13:49:00,2019-07-09,16:00:00,강원도 원주시 귀래면,0.01,37.1697663767707,127.884667844212
2019-07-08,09:38:00,2019-07-08,12:45:00,강원도 원주시 신림면,0.1,37.2306925112002,128.079484645368
2019-07-07,16:04:00,2019-07-07,17:10:00,강원도 횡성군 청일면,0.07,37.5837464013969,128.150414957403
2019-06-04,14:14:00,2019-06-04,15:26:00,강원도 정선군 화암면,0.2,37.3401338968677,128.787796810301
2019-05-24,12:59:00,2019-05-24,14:30:00,강원도 영월군 영월읍,0.1,37.1874352109429,128.466067893114
2019-05-23,12:37:00,2019-05-23,14:38:00,강원도 정선군 임계면,0.1,37.4948152077541,128.852109625413
2019-05-19,14:20:00,2019-05-19,14:51:00,강원도 강릉시 강동면,0.01,37.7280943167627,128.954226402687
2019-05-16,15:55:00,2019-05-16,17:30:00,강원도 평창군 대관령면,0.02,37.6736318231798,128.706141784901
2019-05-12,11:59:00,2019-05-12,12:50:00,강원도 정선군 신동읍,0.1,37.2182019484655,128.671426990821
2019-05-11,17:50:00,2019-05-11,19:20:00,강원도 홍천군 서면,0.08,37.6885985446756,127.664103886782
2019-05-11,14:36:00,2019-05-11,16:20:00,강원도 정선군 신동읍,0.1,37.2182019484655,128.671426990821
2019-05-10,09:34:00,2019-05-10,12:00:00,강원도 고성군 죽왕면,0.54,38.3287596789233,128.525205848883
2019-05-07,15:40:00,2019-05-07,18:30:00,강원도 홍천군 서석면,1.3,37.7135954442631,128.186169902059
2019-05-07,11:47:00,2019-05-07,18:00:00,강원도 춘천시 동면,1.5,37.910341608957,127.781091988381
2019-05-06,17:50:00,2019-05-06,19:20:00,강원도 원주시 소초면,0.1,37.4179628767007,128.002389352861
2019-05-06,14:08:00,2019-05-06,14:58:00,강원도 홍천군 화촌면,0.02,37.7710054077675,127.966895174076
2019-05-05,14:25:00,2019-05-05,22:00:00,강원도 인제군 남면,5.2,37.9659219985446,128.08336017963
2019-05-05,11:40:00,2019-05-05,12:30:00,강원도 횡성군 둔내면,0.15,37.5122165122342,128.218832889124
2019-05-05,03:22:00,2019-05-05,04:45:00,강원도 춘천시 석사동,0.05,37.8552732879352,127.746663141751
2019-05-03,14:44:00,2019-05-03,16:01:00,강원도 춘천시 석사동,0.05,37.8552732879352,127.746663141751
2019-05-02,16:28:00,2019-05-02,17:10:00,강원도 횡성군 서원면,0.03,37.4870801187572,127.850550659118
2019-05-02,14:21:00,2019-05-02,16:25:00,강원도 춘천시 남산면,0.2,37.79186457822,127.646194579037
2019-04-22,12:19:00,2019-04-22,13:31:00,강원도 화천군 사내면,0.09,38.0701588123932,127.523433810035
2019-04-20,12:27:00,2019-04-20,15:30:00,강원도 춘천시 사북면,0.03,38.0298510072252,127.640812477483
2019-04-17,13:52:00,2019-04-17,14:51:00,강원도 영월군 영월읍,0.2,37.1874352109429,128.466067893114
2019-04-16,16:14:00,2019-04-16,16:50:00,강원도 홍천군 서면,0.08,37.6885985446756,127.664103886782
2019-01-22,12:30:00,2019-01-22,17:15:00,강원도 태백시 백산동,0.1,37.1467424740303,129.048373912181
2019-01-20,12:30:00,2019-01-20,15:00:00,강원도 춘천시 서면,1.2,37.8986923448081,127.692791905634
2019-01-19,22:40:00,2019-01-19,23:45:00,강원도 강릉시 왕산면,0.03,37.6726837387208,128.837804434963
2019-01-10,11:17:00,2019-01-10,12:05:00,강원도 고성군 토성면,0.5,38.257289697991,128.558906495609
2019-01-01,16:12:00,2019-01-02,17:20:00,강원도 양양군 서면,20.0,38.0715261451956,128.585234510802
2019-04-16,11:44:00,2019-04-16,18:00:00,강원도 고성군 현내면,0.2,38.4943416559629,128.427309190762
2019-04-12,20:58:00,2019-04-12,23:10:00,강원도 양구군 양구읍,0.3,38.1080405251365,127.990430398263
2019-04-08,14:45:00,2019-04-08,18:00:00,강원도 인제군 남면,0.5,37.9659219985446,128.08336017963
2019-04-07,10:39:00,2019-04-07,12:21:00,강원도 영월군 김삿갓면,0.3,37.1256797470207,128.570085899718
2019-04-04,23:46:00,2019-04-05,21:30:00,강원도 강릉시 옥계면,1260.0,37.6126632423991,129.0379307125
2019-04-04,19:17:00,2019-04-05,18:00:00,강원도 고성군 토성면,1227.0,38.257289697991,128.558906495609
2019-04-04,16:16:00,2019-04-04,18:00:00,강원도 원주시 부론면,0.5,37.2076020452332,127.750494148523
2019-04-04,14:45:00,2019-04-06,18:00:00,강원도 인제군 남면,345.0,37.9659219985446,128.08336017963
2019-04-04,13:30:00,2019-04-04,14:05:00,강원도 횡성군 횡성읍,0.05,37.4923616641075,127.992604693778
2019-04-03,14:22:00,2019-04-03,17:30:00,강원도 횡성군 갑천면,0.7,37.5609554668992,128.11019928627
2019-04-01,19:00:00,2019-04-01,20:15:00,강원도 홍천군 서면,0.02,37.6885985446756,127.664103886782
2019-03-17,12:40:00,2019-03-17,15:30:00,강원도 속초시 도문동,1.0,38.1676252448808,128.578642172396
2019-03-13,18:59:00,2019-03-13,21:45:00,강원도 춘천시 신북읍,0.02,37.9259016421481,127.746212145455
2019-03-13,10:47:00,2019-03-13,12:30:00,강원도 강릉시 연곡면,0.01,37.8601061139786,128.836941450583
2019-03-12,15:00:00,2019-03-12,16:20:00,강원도 춘천시 동면,0.1,37.910341608957,127.781091988381
2019-03-09,07:50:00,2019-03-09,09:00:00,강원도 강릉시 성산면,0.1,37.7187235115627,128.832100896917
2019-03-08,17:15:00,2019-03-08,18:30:00,강원도 홍천군 서석면,0.02,37.7135954442631,128.186169902059
2019-03-06,13:49:00,2019-03-06,15:40:00,강원도 강릉시 왕산면,0.06,37.6726837387208,128.837804434963
2019-03-04,13:34:00,2019-03-04,14:20:00,강원도 횡성군 우천면,0.1,37.4594058323665,128.06243796948
2019-03-04,12:40:00,2019-03-04,18:00:00,강원도 홍천군 영귀미면,0.6,37.6780725461921,127.935063630646
2019-03-03,11:45:00,2019-03-03,12:40:00,강원도 원주시 단계동,0.1,37.3526136221706,127.934460509721
2019-03-02,16:08:00,2019-03-02,19:00:00,강원도 화천군 화천읍,0.4,38.1042562811837,127.707178844679
2019-03-02,14:47:00,2019-03-02,15:40:00,강원도 춘천시 남산면,0.02,37.79186457822,127.646194579037
2019-02-27,14:12:00,2019-02-27,17:00:00,강원도 춘천시 서면,1.0,37.8986923448081,127.692791905634
2019-02-27,11:34:00,2019-02-27,12:50:00,강원도 평창군 용평면,0.1,37.6066960645327,128.440214137176
2019-01-30,17:20:00,2019-01-30,18:30:00,강원도 홍천군 화촌면,0.05,37.7710054077675,127.966895174076
2019-01-30,16:23:00,2019-01-30,20:00:00,강원도 동해시 신흥동,0.5,37.5203493506131,128.99437831764
2019-01-29,12:58:00,2019-01-29,14:30:00,강원도 횡성군 청일면,0.4,37.5837464013969,128.150414957403
2019-01-27,18:58:00,2019-01-27,22:40:00,강원도 원주시 신림면,0.2,37.2306925112002,128.079484645368
2019-01-27,14:22:00,2019-01-28,10:30:00,강원도 춘천시 신북읍,2.0,37.9259016421481,127.746212145455
2019-01-27,02:58:00,2019-01-27,04:50:00,강원도 원주시 신림면,0.1,37.2306925112002,128.079484645368
2019-01-26,14:15:00,2019-01-26,15:32:00,강원도 평창군 방림면,0.05,37.4264490397723,128.394222710894
2019-01-25,15:15:00,2019-01-25,16:30:00,강원도 원주시 지정면,0.1,37.3621506214657,127.840189486855
2019-01-24,15:48:00,2019-01-24,19:00:00,강원도 인제군 서화면,1.0,38.2183546450302,128.208496724551
2020-04-04,16:52:00,2020-04-04,18:45:00,강원도 춘천시 사북면,0.3,38.0298510072252,127.640812477483
2020-04-04,05:50:00,2020-04-04,06:44:00,강원도 횡성군 우천면,0.08,37.4594058323665,128.06243796948
2020-04-04,03:26:00,2020-04-04,09:00:00,강원도 삼척시 근덕면,0.5,37.3792784455933,129.225825562476
2020-04-03,14:44:00,2020-04-03,15:45:00,강원도 홍천군 두촌면,0.1,37.8686986720293,128.018956858672
2020-04-02,19:20:00,2020-04-02,20:10:00,강원도 횡성군 갑천면,0.05,37.5609554668992,128.11019928627
2020-04-01,11:44:00,2020-04-01,13:00:00,강원도 평창군 미탄면,0.05,37.3420792035649,128.495781431646
2020-03-31,13:00:00,2020-03-31,15:00:00,강원도 철원군 동송읍,2.0,38.2072165163278,127.208191410563
2020-03-26,12:27:00,2020-03-26,16:20:00,강원도 철원군 갈말읍,5.0,38.1477243520665,127.30830034891
2020-03-26,11:03:00,2020-03-26,13:53:00,강원도 양양군 현남면,0.3,37.9692314024179,128.759480350041
2020-03-25,16:01:00,2020-03-25,18:30:00,강원도 영월군 상동읍,1.0,37.1269849168596,128.826799439002
2020-12-25,16:22:00,2020-12-25,18:20:00,강원도 영월군 영월읍,0.3,37.1874352109429,128.466067893114
2020-12-12,18:25:00,2020-12-12,20:00:00,강원도 홍천군 서면,0.04,37.6885985446756,127.664103886782
2020-12-12,15:16:00,2020-12-12,19:00:00,강원도 원주시 신림면,0.05,37.2306925112002,128.079484645368
2020-12-12,11:43:00,2020-12-12,14:30:00,강원도 원주시 신림면,0.5,37.2306925112002,128.079484645368
2020-12-08,20:37:00,2020-12-08,23:00:00,강원도 홍천군 영귀미면,0.02,37.6780725461921,127.935063630646
2020-12-01,21:59:00,2020-12-01,00:30:00,강원도 횡성군 우천면,0.1,37.4594058323665,128.06243796948
2020-11-16,12:33:00,2020-11-16,15:00:00,강원도 홍천군 홍천읍,0.1,37.68943404802,127.884306327398
2020-11-08,02:27:00,2020-11-08,04:40:00,강원도 동해시 신흥동,0.11,37.5203493506131,128.99437831764
2020-11-04,12:45:00,2020-11-04,14:30:00,강원도 철원군 동송읍,0.01,38.2072165163278,127.208191410563
2020-10-30,14:23:00,2020-10-30,15:46:00,강원도 평창군 진부면,0.1,37.6373898432815,128.553137969179
2020-10-29,14:00:00,2020-10-29,16:15:00,강원도 정선군 신동읍,0.1,37.2182019484655,128.671426990821
2020-10-24,22:22:00,2020-10-25,07:00:00,강원도 삼척시 노곡면,0.6,37.3477672516229,129.164074412158
2020-10-18,13:10:00,2020-10-18,16:30:00,강원도 홍천군 화촌면,0.01,37.7710054077675,127.966895174076
2020-10-13,14:40:00,2020-10-13,17:00:00,강원도 홍천군 화촌면,0.01,37.7710054077675,127.966895174076
2020-10-11,07:44:00,2020-10-11,10:30:00,강원도 홍천군 화촌면,0.01,37.7710054077675,127.966895174076
2020-10-09,17:03:00,2020-10-09,00:00:00,강원도 홍천군 서석면,0.05,37.7135954442631,128.186169902059
2020-10-06,14:17:00,2020-10-06,17:30:00,강원도 춘천시 사북면,0.01,38.0298510072252,127.640812477483
2020-06-23,09:45:00,2020-06-23,13:30:00,강원도 홍천군 영귀미면,0.15,37.6780725461921,127.935063630646
2020-06-13,15:10:00,2020-06-13,18:00:00,강원도 춘천시 동면,0.4,37.910341608957,127.781091988381
2020-06-08,15:15:00,2020-06-08,19:15:00,강원도 춘천시 동면,0.1,37.910341608957,127.781091988381
2020-05-08,16:00:00,2020-05-08,17:15:00,강원도 횡성군 갑천면,0.4,37.5609554668992,128.11019928627
2020-05-08,15:00:00,2020-05-08,17:00:00,강원도 홍천군 서면,0.07,37.6885985446756,127.664103886782
2020-05-08,14:50:00,2020-05-08,16:30:00,강원도 홍천군 홍천읍,0.03,37.68943404802,127.884306327398
2020-05-06,11:33:00,2020-05-06,13:20:00,강원도 철원군 철원읍,0.06,38.2159947520532,127.214250148342
2020-05-01,20:10:00,2020-05-02,09:00:00,강원도 고성군 토성면,85.0,38.257289697991,128.558906495609
2020-05-01,15:21:00,2020-05-01,18:00:00,강원도 홍천군 영귀미면,0.01,37.6780725461921,127.935063630646
2020-05-01,14:30:00,2020-05-01,16:30:00,강원도 춘천시 동면,0.2,37.910341608957,127.781091988381
2020-04-30,18:05:00,2020-04-30,20:00:00,강원도 원주시 지정면,0.01,37.3621506214657,127.840189486855
2020-04-30,12:27:00,2020-04-30,17:00:00,강원도 홍천군 서석면,0.2,37.7135954442631,128.186169902059
2020-04-27,11:28:00,2020-04-27,12:40:00,강원도 횡성군 공근면,0.02,37.5364543513987,127.961772076306
2020-04-26,13:27:00,2020-04-26,15:30:00,강원도 춘천시 동면,0.01,37.910341608957,127.781091988381
2020-04-24,13:07:00,2020-04-24,14:20:00,강원도 춘천시 남면,1.0,37.7321563694312,127.599895449274
2020-04-24,11:35:00,2020-04-24,14:00:00,강원도 철원군 갈말읍,0.6,38.1477243520665,127.30830034891
2020-04-22,14:23:00,2020-04-22,16:10:00,강원도 인제군 인제읍,0.2,38.0703902211485,128.172217558963
2020-04-22,13:48:00,2020-04-22,15:15:00,강원도 강릉시 성산면,0.3,37.7187235115627,128.832100896917
2020-04-16,15:23:00,2020-04-16,17:04:00,강원도 인제군 인제읍,0.01,38.0703902211485,128.172217558963
2020-04-15,14:50:00,2020-04-15,16:45:00,강원도 평창군 대화면,0.2,37.5009465792778,128.458050807458
2020-04-14,17:48:00,2020-04-15,12:00:00,강원도 철원군 서면,19.0,38.1646509515925,127.415710898265
2020-04-13,19:16:00,2020-04-13,20:03:00,강원도 화천군 사내면,0.05,38.0701588123932,127.523433810035
2020-04-13,12:10:00,2020-04-13,14:22:00,강원도 횡성군 갑천면,0.8,37.5609554668992,128.11019928627
2020-04-11,14:34:00,2020-04-11,15:02:00,강원도 횡성군 우천면,0.01,37.4594058323665,128.06243796948
2020-04-10,11:56:00,2020-04-10,13:29:00,강원도 평창군 진부면,0.3,37.6373898432815,128.553137969179
2020-04-10,11:51:00,2020-04-10,13:30:00,강원도 원주시 신림면,0.5,37.2306925112002,128.079484645368
2020-04-08,13:36:00,2020-04-08,15:55:00,강원도 원주시 소초면,1.5,37.4179628767007,128.002389352861
2020-04-08,12:30:00,2020-04-08,15:00:00,강원도 영월군 주천면,0.8,37.2721876092467,128.268910017243
2020-03-15,14:52:00,2020-03-15,15:45:00,강원도 강릉시 대전동,0.04,37.7943429825133,128.85475999806
2020-03-15,14:29:00,2020-03-15,15:32:00,강원도 홍천군 서면,0.06,37.6885985446756,127.664103886782
2020-03-08,16:05:00,2020-03-08,18:10:00,강원도 춘천시 동산면,0.1,37.7523096450281,127.796298351078
2020-03-08,14:12:00,2020-03-08,16:03:00,강원도 화천군 하남면,0.7,38.0576735877991,127.668191116312
2020-03-08,13:30:00,2020-03-08,18:00:00,강원도 홍천군 화촌면,0.05,37.7710054077675,127.966895174076
2020-02-24,12:58:00,2020-02-24,15:15:00,강원도 춘천시 남산면,0.1,37.79186457822,127.646194579037
2020-01-04,14:49:00,2020-01-04,15:40:00,강원도 정선군 신동읍,0.04,37.2182019484655,128.671426990821
2020-01-04,13:54:00,2020-01-05,17:10:00,강원도 춘천시 신북읍,7.0,37.9259016421481,127.746212145455
2020-01-03,12:22:00,2020-01-03,16:00:00,강원도 춘천시 서면,0.7,37.8986923448081,127.692791905634
2020-01-01,13:00:00,2020-01-01,13:35:00,강원도 강릉시 성산면,0.02,37.7187235115627,128.832100896917
2020-02-09,18:48:00,2020-02-09,20:04:00,강원도 원주시 신림면,0.4,37.2306925112002,128.079484645368
2020-02-08,12:02:00,2020-02-08,12:22:00,강원도 강릉시 홍제동,0.03,37.7483090524903,128.883651940424
2020-02-08,07:05:00,2020-02-08,07:54:00,강원도 춘천시 남산면,0.03,37.79186457822,127.646194579037
2020-01-31,13:20:00,2020-01-31,15:00:00,강원도 홍천군 서석면,0.01,37.7135954442631,128.186169902059
2020-01-23,12:58:00,2020-01-23,13:54:00,강원도 횡성군 우천면,0.1,37.4594058323665,128.06243796948
2020-01-15,13:46:00,2020-01-15,14:30:00,강원도 양양군 양양읍,0.02,38.0806715229116,128.624012188104
2020-03-21,15:36:00,2020-03-21,16:00:00,강원도 횡성군 갑천면,0.05,37.5609554668992,128.11019928627
2020-03-19,12:38:00,2020-03-19,14:26:00,강원도 원주시 지정면,2.2,37.3621506214657,127.840189486855
2020-03-19,07:11:00,2020-03-19,10:30:00,강원도 원주시 흥업면,0.7,37.3025500299786,127.921181194086
2021-06-08,14:52:00,2021-06-08,17:00:00,강원도 홍천군 내촌면,0.04,37.8163476368407,128.086739600183
2021-06-07,15:13:00,2021-06-07,17:00:00,강원도 강릉시 주문진읍,0.01,37.894000235204,128.823428734257
2021-06-07,15:13:00,2021-06-07,16:00:00,강원도 강릉시 주문진읍,0.01,37.894000235204,128.823428734257
2021-05-14,11:53:00,2021-05-14,14:00:00,강원도 횡성군 안흥면,0.1,37.4125128396148,128.156049802743
2021-05-13,15:35:00,2021-05-13,20:10:00,강원도 태백시 하사미동,1.2,37.3106260597335,128.985358109029
2021-05-09,17:49:00,2021-05-09,19:10:00,강원도 철원군 철원읍,0.01,38.2159947520532,127.214250148342
2021-05-09,13:43:00,2021-05-09,14:50:00,강원도 철원군 철원읍,0.03,38.2159947520532,127.214250148342
2021-05-09,13:16:00,2021-05-09,14:30:00,강원도 홍천군 남면,0.2,37.6181202912817,127.767631386937
2021-05-08,12:12:00,2021-05-08,16:00:00,강원도 횡성군 안흥면,0.01,37.4125128396148,128.156049802743
2021-05-07,11:05:00,2021-05-07,13:30:00,강원도 삼척시 도계읍,0.2,37.2364370242581,129.045174522503
2021-05-06,21:06:00,2021-05-07,01:00:00,강원도 삼척시 원덕읍,0.01,37.1764583972782,129.335713745385
2021-05-06,17:30:00,2021-05-06,18:30:00,강원도 인제군 서화면,0.1,38.2183546450302,128.208496724551
2021-04-29,21:15:00,2021-04-30,02:00:00,강원도 삼척시 가곡면,0.01,37.1497538953609,129.205212030994
2021-04-29,13:34:00,2021-04-29,15:24:00,강원도 영월군 영월읍,0.01,37.1874352109429,128.466067893114
2021-04-27,13:30:00,2021-04-27,15:30:00,강원도 인제군 인제읍,0.17,38.0703902211485,128.172217558963
2021-04-25,14:32:00,2021-04-25,17:42:00,강원도 원주시 신림면,1.5,37.2306925112002,128.079484645368
2021-04-25,12:25:00,2021-04-25,13:35:00,강원도 평창군 봉평면,0.09,37.6161929793163,128.379492494281
2021-04-22,13:29:00,2021-04-22,13:57:00,강원도 철원군 동송읍,0.02,38.2072165163278,127.208191410563
2021-04-21,12:22:00,2021-04-21,14:10:00,강원도 평창군 대관령면,1.0,37.6736318231798,128.706141784901
2021-03-23,15:52:00,2021-03-24,11:00:00,강원도 홍천군 화촌면,20.0,37.7710054077675,127.966895174076
2021-03-11,14:40:00,2021-03-11,18:00:00,강원도 영월군 김삿갓면,0.5,37.1256797470207,128.570085899718
2021-02-26,13:33:00,2021-02-26,16:00:00,강원도 홍천군 북방면,0.1,37.705563256545,127.853191045521
2021-02-22,14:14:00,2021-02-22,16:06:00,강원도 화천군 간동면,0.1,38.0552638648249,127.790017389636
2021-02-20,15:50:00,2021-02-22,03:00:00,강원도 정선군 여량면,12.0,37.4706040304876,128.720500019347
2021-02-20,13:13:00,2021-02-20,19:00:00,강원도 화천군 상서면,0.5,38.1578310622547,127.654248763255
2021-02-18,22:30:00,2021-02-19,10:00:00,강원도 양양군 양양읍,6.5,38.0806715229116,128.624012188104
2021-02-18,14:56:00,2021-02-18,18:00:00,강원도 강릉시 성산면,0.4,37.7187235115627,128.832100896917
2021-02-16,14:34:00,2021-02-16,19:20:00,강원도 강릉시 옥계면,1.0,37.6126632423991,129.0379307125
2021-02-10,14:12:00,2021-02-10,15:30:00,강원도 홍천군 영귀미면,0.01,37.6780725461921,127.935063630646
2021-02-09,13:19:00,2021-02-09,23:00:00,강원도 삼척시 신기면,1.0,37.3496092010973,129.083182759223
2021-04-20,15:22:00,2021-04-20,18:00:00,강원도 홍천군 남면,0.3,37.6181202912817,127.767631386937
2021-04-19,17:06:00,2021-04-19,21:00:00,강원도 횡성군 공근면,1.5,37.5364543513987,127.961772076306
2021-04-17,12:04:00,2021-04-17,13:15:00,강원도 평창군 진부면,0.01,37.6373898432815,128.553137969179
2021-04-17,09:33:00,2021-04-17,10:30:00,강원도 홍천군 영귀미면,0.01,37.6780725461921,127.935063630646
2021-03-31,15:56:00,2021-04-01,11:00:00,강원도 양구군 양구읍,0.5,38.1080405251365,127.990430398263
2021-03-31,15:38:00,2021-04-01,12:54:00,강원도 정선군 신동읍,10.7,37.2182019484655,128.671426990821
2021-03-30,14:11:00,2021-03-30,21:30:00,강원도 삼척시 가곡면,0.5,37.1497538953609,129.205212030994
2021-12-29,04:16:00,2021-12-29,12:00:00,강원도 춘천시 사북면,1.5,38.0298510072252,127.640812477483
2021-12-19,15:31:00,2021-12-19,16:20:00,강원도 강릉시 사천면,0.01,37.8235278808534,128.848721826973
2021-11-29,13:45:00,2021-11-29,15:40:00,강원도 횡성군 강림면,0.25,37.3602310480308,128.125412513164
2021-11-14,21:55:00,2021-11-15,03:00:00,강원도 양양군 서면,0.5,38.0715261451956,128.585234510802
2021-08-10,14:45:00,2021-08-10,16:24:00,강원도 춘천시 사북면,0.01,38.0298510072252,127.640812477483
2021-07-31,14:16:00,2021-07-31,18:38:00,강원도 정선군 임계면,0.1,37.4948152077541,128.852109625413
2021-02-05,14:19:00,2021-02-05,19:11:00,강원도 정선군 북평면,1.5,37.4488891078994,128.670490518986
2021-01-24,17:47:00,2021-01-24,21:00:00,강원도 홍천군 홍천읍,0.7,37.68943404802,127.884306327398
2021-01-20,14:46:00,2021-01-20,16:30:00,강원도 횡성군 공근면,0.15,37.5364543513987,127.961772076306
2021-01-17,15:38:00,2021-01-17,19:00:00,강원도 동해시 부곡동,1.0,37.5367709460317,129.104946469001
2021-01-15,15:39:00,2021-01-16,11:30:00,강원도 인제군 인제읍,0.02,38.0703902211485,128.172217558963
2021-01-12,11:44:00,2021-01-12,17:00:00,강원도 홍천군 영귀미면,0.15,37.6780725461921,127.935063630646
2022-03-29,11:57:00,2022-03-29,16:00:00,강원도 삼척시 가곡면,0.1,37.1497538953609,129.205212030994
2022-03-12,14:09:00,2022-03-12,00:00:00,강원도 홍천군 서석면,6.0,37.7135954442631,128.186169902059
2022-03-12,11:34:00,2022-03-12,15:00:00,강원도 춘천시 동산면,0.05,37.7523096450281,127.796298351078
2022-03-08,14:19:00,2022-03-08,17:35:00,강원도 홍천군 북방면,1.1,37.705563256545,127.853191045521
2022-03-05,01:08:00,2022-03-11,13:00:00,강원도 강릉시 옥계면,4190.38,37.6126632423991,129.0379307125
2022-03-04,22:19:00,2022-03-05,21:00:00,강원도 강릉시 성산면,20.0,37.7187235115627,128.832100896917
2022-03-04,12:45:00,2022-03-11,17:00:00,강원도 영월군 김삿갓면,184.01,37.1256797470207,128.570085899718
2022-02-26,16:39:00,2022-02-27,10:55:00,강원도 인제군 기린면,5.0,37.9556038449986,128.319189529764
2022-02-26,07:58:00,2022-02-26,09:20:00,강원도 횡성군 서원면,0.02,37.4870801187572,127.850550659118
2022-02-24,17:55:00,2022-02-24,20:15:00,강원도 화천군 하남면,1.4,38.0576735877991,127.668191116312
2022-02-24,16:56:00,2022-02-24,18:10:00,강원도 강릉시 사천면,0.09,37.8235278808534,128.848721826973
2022-02-24,15:35:00,2022-02-25,14:30:00,강원도 평창군 방림면,5.0,37.4264490397723,128.394222710894
2022-02-24,13:58:00,2022-02-24,15:47:00,강원도 홍천군 두촌면,0.6,37.8686986720293,128.018956858672
2022-02-23,13:17:00,2022-02-23,14:30:00,강원도 평창군 진부면,0.04,37.6373898432815,128.553137969179
2022-02-22,14:32:00,2022-02-22,23:00:00,강원도 동해시 이로동,6.1,37.497109835534,129.060333585176
2022-02-21,15:36:00,2022-02-21,17:40:00,강원도 원주시 판부면,0.1,37.2682792088618,128.01295599715
2022-02-19,08:45:00,2022-02-19,12:30:00,강원도 원주시 행구동,0.2,37.3425902881859,127.983876967283
2022-12-25,21:07:00,2022-12-25,22:47:00,강원도 강릉시 왕산면,0.03,37.6726837387208,128.837804434963
2022-12-17,21:04:00,2022-12-18,02:10:00,강원도 고성군 죽왕면,0.3,38.3287596789233,128.525205848883
2022-12-14,04:49:00,2022-12-14,14:00:00,강원도 삼척시 근덕면,3.0,37.3792784455933,129.225825562476
2022-12-05,13:32:00,2022-12-05,14:40:00,강원도 강릉시 주문진읍,0.02,37.894000235204,128.823428734257
2022-12-04,21:03:00,2022-12-04,22:16:00,강원도 고성군 거진읍,0.9,38.4361391562227,128.452553768285
2022-11-27,11:44:00,2022-11-27,12:45:00,강원도 평창군 용평면,0.04,37.6066960645327,128.440214137176
2022-11-27,10:50:00,2022-11-27,11:50:00,강원도 양양군 현북면,0.01,38.0190056461486,128.723115872388
2022-11-25,23:43:00,2022-11-26,04:31:00,강원도 강릉시 대전동,1.0,37.7943429825133,128.85475999806
2022-10-22,10:20:00,2022-10-22,15:19:00,강원도 정선군 임계면,0.1,37.4948152077541,128.852109625413
2022-10-02,12:38:00,2022-10-02,14:40:00,강원도 삼척시 원덕읍,0.04,37.1764583972782,129.335713745385
2022-10-01,11:47:00,2022-10-01,14:11:00,강원도 양양군 서면,0.01,38.0715261451956,128.585234510802
2022-09-24,15:23:00,2022-09-24,20:00:00,강원도 원주시 소초면,0.01,37.4179628767007,128.002389352861
2022-09-22,14:48:00,2022-09-22,17:42:00,강원도 홍천군 두촌면,0.12,37.8686986720293,128.018956858672
2022-06-20,13:25:00,2022-06-20,15:00:00,강원도 횡성군 안흥면,0.01,37.4125128396148,128.156049802743
2022-06-04,11:16:00,2022-06-04,12:23:00,강원도 강릉시 왕산면,0.06,37.6726837387208,128.837804434963
2022-06-02,07:36:00,2022-06-02,15:35:00,강원도 정선군 남면,0.2,37.2687852101249,128.740624296233
2022-05-26,08:40:00,2022-05-26,10:00:00,강원도 강릉시 유산동,0.02,37.7379840348229,128.915696457623
2022-05-25,15:00:00,2022-05-25,17:17:00,강원도 인제군 기린면,0.21,37.9556038449986,128.319189529764
2022-05-24,22:02:00,2022-05-25,00:30:00,강원도 정선군 여량면,0.1,37.4706040304876,128.720500019347
2022-05-21,17:18:00,2022-05-21,20:30:00,강원도 원주시 신림면,0.01,37.2306925112002,128.079484645368
2022-05-20,11:01:00,2022-05-20,18:28:00,강원도 정선군 임계면,2.0,37.4948152077541,128.852109625413
2022-05-18,22:55:00,2022-05-19,12:00:00,강원도 삼척시 하장면,1.5,37.3494432358995,128.943070012541
2022-05-18,19:41:00,2022-05-18,22:00:00,강원도 철원군 갈말읍,0.15,38.1477243520665,127.30830034891
2022-05-18,04:43:00,2022-05-18,10:20:00,강원도 원주시 소초면,0.2,37.4179628767007,128.002389352861
2022-05-17,09:28:00,2022-05-17,12:00:00,강원도 횡성군 갑천면,0.03,37.5609554668992,128.11019928627
2022-05-15,17:36:00,2022-05-15,19:00:00,강원도 홍천군 두촌면,0.18,37.8686986720293,128.018956858672
2022-05-12,13:00:00,2022-05-12,16:00:00,강원도 횡성군 안흥면,0.15,37.4125128396148,128.156049802743
2022-05-09,11:43:00,2022-05-09,13:10:00,강원도 평창군 대관령면,0.05,37.6736318231798,128.706141784901
2022-05-03,16:16:00,2022-05-03,18:10:00,강원도 태백시 장성동,0.1,37.1004926753654,129.008202622797
2022-04-25,16:57:00,2022-04-25,19:00:00,강원도 영월군 북면,0.05,37.2544645252444,128.455193189019
2022-04-24,22:40:00,2022-04-24,23:20:00,강원도 강릉시 홍제동,0.06,37.7483090524903,128.883651940424
2022-04-24,14:23:00,2022-04-24,16:00:00,강원도 횡성군 둔내면,0.02,37.5122165122342,128.218832889124
2022-04-24,09:38:00,2022-04-24,09:59:00,강원도 강릉시 주문진읍,0.01,37.894000235204,128.823428734257
2022-04-22,21:53:00,2022-04-23,03:00:00,강원도 춘천시 서면,0.6,37.8986923448081,127.692791905634
2022-04-22,13:33:00,2022-04-23,11:30:00,강원도 양양군 현북면,69.21,38.0190056461486,128.723115872388
2022-04-21,14:58:00,2022-04-21,18:30:00,강원도 춘천시 북산면,1.5,37.9873330402956,127.885966945811
2022-04-21,11:06:00,2022-04-21,11:47:00,강원도 양구군 양구읍,0.01,38.1080405251365,127.990430398263
2022-04-20,13:00:00,2022-04-20,20:00:00,강원도 영월군 북면,9.7,37.2544645252444,128.455193189019
2022-04-17,12:31:00,2022-04-17,14:30:00,강원도 인제군 남면,0.2,37.9659219985446,128.08336017963
2022-04-15,17:49:00,2022-04-15,20:00:00,강원도 춘천시 남산면,0.02,37.79186457822,127.646194579037
2022-04-12,15:14:00,2022-04-12,17:20:00,강원도 홍천군 서면,0.3,37.6885985446756,127.664103886782
2022-04-11,11:21:00,2022-04-11,21:11:00,강원도 정선군 남면,3.5,37.2687852101249,128.740624296233
2022-04-10,15:40:00,2022-04-12,21:30:00,강원도 양구군 양구읍,720.0,38.1080405251365,127.990430398263
2022-04-10,13:09:00,2022-04-10,16:30:00,강원도 화천군 상서면,2.0,38.1578310622547,127.654248763255
2022-04-10,12:47:00,2022-04-10,14:20:00,강원도 고성군 토성면,0.2,38.257289697991,128.558906495609
2022-04-10,12:41:00,2022-04-11,17:00:00,강원도 인제군 북면,3.0,38.1246704618065,128.204172526138
2022-04-04,12:37:00,2022-04-04,16:00:00,강원도 강릉시 왕산면,0.3,37.6726837387208,128.837804434963
2022-01-31,14:10:00,2022-01-31,17:40:00,강원도 춘천시 남면,0.2,37.7321563694312,127.599895449274
2022-01-30,06:21:00,2022-01-30,11:00:00,강원도 춘천시 남면,0.1,37.7321563694312,127.599895449274
2022-01-19,08:34:00,2022-01-19,10:00:00,강원도 인제군 기린면,0.2,37.9556038449986,128.319189529764
2022-01-14,18:53:00,2022-01-14,23:03:00,강원도 정선군 귤암리,0.3,37.3338948900732,128.60202148617
2022-01-12,14:05:00,2022-01-12,15:40:00,강원도 평창군 진부면,0.15,37.6373898432815,128.553137969179
2022-01-10,10:19:00,2022-01-10,11:30:00,강원도 평창군 진부면,0.01,37.6373898432815,128.553137969179
2022-01-04,10:36:00,2022-01-04,13:30:00,강원도 춘천시 동면,0.2,37.910341608957,127.781091988381
2022-01-03,12:02:00,2022-01-03,14:56:00,강원도 인제군 남면,0.8,37.9659219985446,128.08336017963
2022-02-14,15:10:00,2022-02-14,17:20:00,강원도 원주시 태장동,0.4,37.3552337842644,127.955206525576
2022-02-13,09:25:00,2022-02-13,11:00:00,강원도 화천군 사내면,0.04,38.0701588123932,127.523433810035
2022-02-12,15:18:00,2022-02-12,17:10:00,강원도 평창군 대관령면,0.1,37.6736318231798,128.706141784901
2022-02-11,16:53:00,2022-02-11,17:40:00,강원도 양양군 양양읍,0.1,38.0806715229116,128.624012188104
2022-02-09,11:17:00,2022-02-09,12:50:00,강원도 춘천시 신북읍,0.05,37.9259016421481,127.746212145455
2022-02-04,14:03:00,2022-02-04,16:00:00,강원도 정선군 화암면,0.1,37.3401338968677,128.787796810301
2023-11-02,16:32:00,2023-11-03,17:00:00,강원도 양구군 국토정중앙면,3.9,38.1084781281203,128.034570007438
2023-05-04,15:38:00,2023-05-04,18:38:00,강원도 정선군 화암면,1.0,37.3401338968677,128.787796810301
2023-05-27,12:28:00,2023-05-27,13:33:00,강원도 정선군 정선읍,0.04,37.3797685014938,128.661694256573
2023-05-10,12:01:00,2023-05-10,14:30:00,강원도 화천군 사내면,0.1,38.0701588123932,127.523433810035
2023-04-09,14:15:00,2023-04-09,16:30:00,강원도 평창군 미탄면,0.5,37.3420792035649,128.495781431646
2023-12-04,13:39:00,2023-12-04,15:14:00,강원도 양양군 현남면,0.26,37.9692314024179,128.759480350041
2023-12-02,11:39:00,2023-12-02,12:59:00,강원도 홍천군 남면,0.02,37.6181202912817,127.767631386937
2023-12-01,14:22:00,2023-12-01,15:30:00,강원도 양양군 현남면,0.01,37.9692314024179,128.759480350041
2023-11-21,14:22:00,2023-11-21,15:30:00,강원도 양구군 국토정중앙면,0.03,38.1084781281203,128.034570007438
2023-11-18,18:39:00,2023-11-18,19:08:00,강원도 고성군 죽왕면,0.1,38.3287596789233,128.525205848883
2023-11-09,15:41:00,2023-11-09,16:31:00,강원도 홍천군 북방면,0.07,37.705563256545,127.853191045521
2023-11-09,11:15:00,2023-11-09,17:00:00,강원도 인제군 북면,0.2,38.1246704618065,128.204172526138
2023-03-14,13:37:00,2023-03-14,14:30:00,강원도 홍천군 영귀미면,0.16,37.6780725461921,127.935063630646
2023-03-03,08:10:00,2023-03-03,09:10:00,강원도 정선군 임계면,0.03,37.4948152077541,128.852109625413
2023-02-27,13:00:00,2023-02-27,14:07:00,강원도 고성군 현내면,0.1,38.4943416559629,128.427309190762
2023-02-23,12:14:00,2023-02-23,16:00:00,강원도 삼척시 노곡면,0.2,37.3477672516229,129.164074412158
2023-05-23,16:52:00,2023-05-23,20:00:00,강원도 횡성군 서원면,0.8,37.4870801187572,127.850550659118
2023-05-17,11:10:00,2023-05-17,13:00:00,강원도 평창군 대화면,0.3,37.5009465792778,128.458050807458
2023-04-16,13:54:00,2023-04-16,15:52:00,강원도 정선군 신동읍,0.01,37.2182019484655,128.671426990821
2023-04-03,13:07:00,2023-04-03,15:20:00,강원도 영월군 김삿갓면,0.5,37.1256797470207,128.570085899718
2023-04-02,15:24:00,2023-04-02,18:05:00,강원도 철원군 동송읍,0.7,38.2072165163278,127.208191410563
2023-04-02,15:03:00,2023-04-02,19:00:00,강원도 원주시 지정면,1.0,37.3621506214657,127.840189486855
2023-03-27,14:56:00,2023-03-27,17:15:00,강원도 철원군 서면,0.5,38.1646509515925,127.415710898265
2023-01-31,11:41:00,2023-01-31,12:34:00,강원도 동해시 심곡동,0.02,37.5814026099511,129.076858773066
2023-01-21,13:00:00,2023-01-21,13:40:00,강원도 원주시 우산동,0.01,37.3714829095559,127.940063693835
2023-01-11,11:45:00,2023-01-11,13:30:00,강원도 삼척시 미로면,0.1,37.4175439757334,129.112486953361
2023-04-01,13:44:00,2023-04-01,15:40:00,강원도 춘천시 사북면,0.26,38.0298510072252,127.640812477483
2023-05-26,22:16:00,2023-05-27,09:00:00,강원도 평창군 대화면,2.0,37.5009465792778,128.458050807458
2023-05-26,15:07:00,2023-05-26,16:20:00,강원도 원주시 소초면,0.05,37.4179628767007,128.002389352861
2023-04-11,08:30:00,2023-04-14,14:00:00,강원도 강릉시 난곡동,119.92,37.789795125474,128.876849750085
2023-03-26,14:52:00,2023-03-26,17:30:00,강원도 홍천군 영귀미면,1.2,37.6780725461921,127.935063630646
2023-03-24,18:12:00,2023-03-24,20:10:00,강원도 춘천시 남산면,0.2,37.79186457822,127.646194579037
2023-03-22,17:15:00,2023-03-22,19:00:00,강원도 화천군 간동면,0.05,38.0552638648249,127.790017389636
2023-03-22,12:16:00,2023-03-22,19:00:00,강원도 양구군 국토정중앙면,0.5,38.1084781281203,128.034570007438
2023-03-18,16:38:00,2023-03-19,16:30:00,강원도 평창군 진부면,15.0,37.6373898432815,128.553137969179
2023-03-18,15:45:00,2023-03-19,09:10:00,강원도 정선군 화암면,0.8,37.3401338968677,128.787796810301
2023-02-22,12:26:00,2023-02-22,14:00:00,강원도 삼척시 도계읍,0.1,37.2364370242581,129.045174522503
2023-01-09,13:39:00,2023-01-09,15:20:00,강원도 강릉시 성산면,0.06,37.7187235115627,128.832100896917
2023-05-03,16:28:00,2023-05-03,17:50:00,강원도 영월군 한반도면,0.2,37.2367970270269,128.328378893623
2023-05-03,13:55:00,2023-05-03,19:10:00,강원도 영월군 김삿갓면,1.4,37.1256797470207,128.570085899718
2023-05-03,12:27:00,2023-05-03,20:00:00,강원도 양구군 국토정중앙면,2.0,38.1084781281203,128.034570007438
2023-06-19,14:45:00,2023-06-19,16:50:00,강원도 춘천시 남산면,0.06,37.79186457822,127.646194579037
2023-04-23,09:47:00,2023-04-23,11:30:00,강원도 원주시 소초면,0.1,37.4179628767007,128.002389352861
2023-06-18,12:37:00,2023-06-18,13:39:00,강원도 양양군 현남면,0.05,37.9692314024179,128.759480350041
2023-03-29,16:00:00,2023-03-29,17:45:00,강원도 평창군 진부면,0.3,37.6373898432815,128.553137969179
2023-09-08,15:07:00,2023-09-08,17:17:00,강원도 삼척시 하장면,0.03,37.3494432358995,128.943070012541
2023-03-31,15:45:00,2023-03-31,19:00:00,강원도 홍천군 두촌면,0.8,37.8686986720293,128.018956858672
2023-03-31,14:46:00,2023-03-31,20:00:00,강원도 원주시 봉산동,1.0,37.3475502651581,127.956969044707
2023-03-06,16:29:00,2023-03-06,17:10:00,강원도 고성군 죽왕면,0.01,38.3287596789233,128.525205848883
2023-03-06,13:08:00,2023-03-06,14:35:00,강원도 횡성군 서원면,0.15,37.4870801187572,127.850550659118
2023-02-26,11:44:00,2023-02-26,14:30:00,강원도 홍천군 서석면,0.2,37.7135954442631,128.186169902059
2023-02-28,20:09:00,2023-02-28,21:50:00,강원도 평창군 미탄면,0.2,37.3420792035649,128.495781431646
2023-02-28,19:27:00,2023-02-28,22:33:00,강원도 평창군 봉평면,0.03,37.6161929793163,128.379492494281
2023-03-11,12:42:00,2023-03-11,14:30:00,강원도 홍천군 서면,0.15,37.6885985446756,127.664103886782
2023-03-30,16:07:00,2023-03-30,19:00:00,강원도 횡성군 청일면,0.7,37.5837464013969,128.150414957403
2023-03-30,14:32:00,2023-03-30,15:50:00,강원도 평창군 진부면,0.02,37.6373898432815,128.553137969179
2023-03-30,12:47:00,2023-04-01,15:00:00,강원도 화천군 화천읍,68.0,38.1042562811837,127.707178844679
2023-03-30,12:00:00,2023-03-30,12:58:00,강원도 강릉시 연곡면,0.4,37.8601061139786,128.836941450583
2023-03-28,14:45:00,2023-03-28,15:44:00,강원도 철원군 갈말읍,0.01,38.1477243520665,127.30830034891
2023-03-16,21:05:00,2023-03-16,22:05:00,강원도 영월군 남면,0.05,37.1865451028246,128.404493044827
2023-03-21,16:26:00,2023-03-22,01:00:00,강원도 고성군 간성읍,0.01,38.3783819019248,128.466855795807
2023-03-21,15:17:00,2023-03-21,18:00:00,강원도 원주시 소초면,0.5,37.4179628767007,128.002389352861
2023-03-21,14:27:00,2023-03-21,18:10:00,강원도 양구군 방산면,0.3,38.2090611880058,127.949389080443
2024-06-20,14:44:00,2024-06-20,16:05:00,강원도 정선군 남면,0.06,37.2687852101249,128.740624296233
2024-06-18,13:57:00,2024-06-18,17:00:00,강원도 평창군 진부면,0.17,37.6373898432815,128.553137969179
2024-04-14,15:57:00,2024-04-14,19:00:00,강원도 홍천군 내촌면,0.4,37.8163476368407,128.086739600183
2024-03-15,15:24:00,2024-03-15,16:00:00,강원도 정선군 정선읍,0.2,37.3797685014938,128.661694256573
2024-06-14,12:03:00,2024-06-15,11:45:00,강원도 태백시 동점동,3.85,37.0868063602376,129.049867427064
2024-05-24,16:36:00,2024-05-24,19:10:00,강원도 삼척시 원덕읍,0.02,37.1764583972782,129.335713745385
2024-04-12,14:33:00,2024-04-12,16:10:00,강원도 삼척시 하장면,0.06,37.3494432358995,128.943070012541
2024-04-12,13:14:00,2024-04-12,19:30:00,강원도 양구군 국토정중앙면,2.0,38.1084781281203,128.034570007438
2024-04-12,12:52:00,2024-04-12,13:45:00,강원도 횡성군 우천면,0.1,37.4594058323665,128.06243796948
2024-04-13,16:55:00,2024-04-13,18:40:00,강원도 횡성군 우천면,1.0,37.4594058323665,128.06243796948
2024-06-19,01:02:00,2024-06-19,18:00:00,강원도 삼척시 도계읍,0.2,37.2364370242581,129.045174522503
2024-03-28,10:30:00,2024-03-28,11:55:00,강원도 인제군 북면,0.01,38.1246704618065,128.204172526138
2024-04-19,13:49:00,2024-04-19,17:00:00,강원도 영월군 무릉도원면,0.2,37.2883503881401,128.268649175287
2024-04-01,13:07:00,2024-04-01,14:10:00,강원도 삼척시 도계읍,0.1,37.2364370242581,129.045174522503
2024-04-07,14:16:00,2024-04-07,15:30:00,강원도 양양군 강현면,0.03,38.1499826978456,128.607652116524
2024-04-07,12:23:00,2024-04-07,13:46:00,강원도 횡성군 횡성읍,0.05,37.4923616641075,127.992604693778
2024-04-07,11:45:00,2024-04-07,16:13:00,강원도 동해시 신흥동,0.68,37.5203493506131,128.99437831764
2024-04-07,11:24:00,2024-04-07,12:30:00,강원도 철원군 갈말읍,0.2,38.1477243520665,127.30830034891
2024-04-07,10:18:00,2024-04-07,11:21:00,강원도 삼척시 원덕읍,0.02,37.1764583972782,129.335713745385
2024-04-07,09:26:00,2024-04-07,10:30:00,강원도 철원군 갈말읍,0.1,38.1477243520665,127.30830034891
2024-04-02,15:23:00,2024-04-02,19:30:00,강원도 홍천군 서면,1.5,37.6885985446756,127.664103886782
2024-04-27,11:00:00,2024-04-27,12:50:00,강원도 철원군 갈말읍,0.8,38.1477243520665,127.30830034891
2024-05-04,10:33:00,2024-05-04,18:45:00,강원도 홍천군 내촌면,0.5,37.8163476368407,128.086739600183
2024-11-07,11:06:00,2024-11-07,13:21:00,강원도 고성군 현내면,0.2,38.4943416559629,128.427309190762
2024-12-29,14:10:00,2024-12-29,15:00:00,강원도 강릉시 운정동,0.01,37.7878928294227,128.8955083064
2024-12-28,09:26:00,2024-12-28,12:00:00,강원도 양양군 현북면,0.2,38.0190056461486,128.723115872388
2024-12-18,13:52:00,2024-12-18,15:50:00,강원도 춘천시 동면,0.23,37.910341608957,127.781091988381
2024-12-14,15:32:00,2024-12-14,20:00:00,강원도 인제군 기린면,2.08,37.9556038449986,128.319189529764
2024-12-23,06:48:00,2024-12-23,08:25:00,강원도 고성군 거진읍,0.16,38.4361391562227,128.452553768285
2024-08-13,13:40:00,2024-08-13,14:52:00,강원도 삼척시 원덕읍,0.01,37.1764583972782,129.335713745385
